msa,Auto + Scale,Transit Propensity,Density,Sustainable Transit,Warm Weather,Remote + Active,Network Connectivity,Network Sprawl,Cluster
"Abilene, TX",-0.020768974199417502,-0.11663114169908734,-0.5677201264863997,-0.21571883125401262,1.0248306767496773,-0.19688610262375728,1.1381872843840382,1.3058394875175703,3
"Akron, OH",-0.595251402372768,-0.03270382405020677,2.3671342806057174,0.18177013675353323,-0.7144999539687633,-0.5385290870063395,0.4877866523073843,-0.20020119760059218,7
"Albany, GA",-0.2808105918482213,0.05653635463291557,-0.5901215698961544,-0.04473195306004263,1.3458772161865387,-0.471592824670969,0.8288848898227809,1.1036056354387636,3
"Albany-Lebanon, OR",-0.23498276985993347,0.06716165711315128,-1.1314924815395302,0.029690351548192072,-0.738240764010401,-0.13837705812101367,-0.9125213980216914,0.8688928912775199,1
"Albany-Schenectady-Troy, NY",0.2537695252631658,-0.14499434922262164,0.2791230217981322,-0.2783145638921288,-1.043975319454093,0.43358597058058707,0.40005587843273765,-0.4112226773863388,3
"Albuquerque, NM",1.0920083671081757,-0.43663714304829726,-1.0904698357417457,-0.4688961985586953,-0.4951842794358124,-0.010177585088036518,-0.21118565578033488,-0.9587230173477397,4
"Allentown-Bethlehem-Easton, PA-NJ",-0.18711175481516548,-0.1501301880527527,1.7894963858286144,-0.05218312096876763,-0.7795240968693355,-0.2896245628321272,0.7816258036316049,-0.42452113391333784,3
"Altoona, PA",-0.7410889325331881,0.13990541772724657,0.22069291300527485,0.08591938910626398,-0.7485129785777909,-0.4284972767400123,0.37578327877395434,-1.4563610771554085,5
"Amarillo, TX",0.24153297132528728,-0.1481247766007302,-1.1614108935721599,-0.24067951393468487,0.30578649923491974,-0.6823863737808677,1.5101169025415484,0.32576640714521715,3
"Ames, IA",-0.46820448788500146,-0.04410261521390824,-0.2561900753458957,-0.08720901541291758,-0.5786244474893526,1.4369348308282877,2.1532453054860268,1.4499541175910837,1
"Ann Arbor, MI",-0.8536502416972617,0.0050022934483821,1.1450535613791666,-0.017551376660967153,-0.6139696116672643,2.2728931029167807,0.21203420592400066,0.19194760180438553,7
"Anniston-Oxford, AL",-0.685374817308247,0.14868374215181535,0.7516379589934781,0.007939095876196591,0.5498365282601901,-1.3459517536172296,-0.23142249271947435,-0.772812322804116,5
"Appleton, WI",-0.431743788233021,0.005394401393274427,0.1253514677480878,-0.02707272040683809,-1.2193168906111473,-0.41171753641891295,0.7781023048344755,-0.7268954672889493,5
"Asheville, NC",-0.12233820155869553,-0.1666538977499303,0.8973868717951338,0.11100541818882896,-0.4654454827022819,-0.3091897335269742,-2.695919054135471,0.09363943936140036,3
"Athens-Clarke County, GA",-0.5517708704535258,0.045811498462090254,0.3239835464334669,-0.035141619924772084,0.8195898959994967,0.5523910712253826,-0.9288255803677726,0.853783183484135,5
"Atlanta-Sandy Springs-Alpharetta, GA",5.1549877658610965,-1.1698358080763793,0.8679353267717558,-0.1007292677094847,-0.2508493347391365,-0.6060022404217196,-1.659695208498224,0.6881375816092656,4
"Atlantic City-Hammonton, NJ",-0.8265423989369959,0.08382821319865531,0.9068000233551758,-0.015210113870069767,-0.0016135425857116688,0.8008007199105132,1.02753530622142,-1.0134793029591396,5
"Auburn-Opelika, AL",-0.6747640594095123,0.152673961042491,0.4769349058260704,0.0318601403346813,0.8056147154569228,-0.6475974420399496,-1.3816971716481,-0.1594955947677713,5
"Augusta-Richmond County, GA-SC",0.448893969921964,-0.23392739962928433,-0.02295586450517224,-0.38565729104842034,0.8148444850029651,-0.9701093162635169,-0.6263502389149976,0.2850542743046434,4
"Austin-Round Rock-Georgetown, TX",1.3707465992605872,-0.5610082276002488,0.9198396676798704,-0.5947642421208692,1.3819192565471266,1.5343945306123268,-0.005689705352076501,0.42131287299731496,4
"Bakersfield, CA",0.7077311244758226,-0.3338338603247601,-1.2105370702061615,0.28963271934951595,0.5567986038805922,-1.048020769499337,0.2417992223987555,-0.49577248878919444,4
"Baltimore-Columbia-Towson, MD",0.7063872439485401,0.5714471824072394,1.736216913056282,0.14521695395806858,0.024094726511592803,2.2530205721986962,-0.39663763510049066,0.4659187271079803,4
"Bangor, ME",-0.048581678962851454,-0.010673902820481352,-1.177064340038663,-0.0317853998050124,-1.1890548608045997,0.1272010807776206,-1.6432332960902318,1.9842303298488846,1
"Barnstable Town, MA",-0.6504046795442933,-0.028495186534404977,0.7440421406146667,-0.07152807572662817,-0.5012296228877074,1.0590342768072387,-0.08898349025059199,-1.7481159912357147,1
"Battle Creek, MI",-0.5465484662041801,0.08695968891219577,0.09141670651768373,0.007677676548020871,-0.8592844098329612,-0.5567130365693393,1.1280726179148592,-0.06433688336042585,5
"Bay City, MI",-0.6577256883163916,0.10365263543253705,0.35089144311024234,0.03585429201618225,-0.9191187897918989,-0.7186043333804588,1.4980254063345821,-0.19127600323802835,5
"Beaumont-Port Arthur, TX",0.07608465000404464,-0.06986914624502168,-0.20250620301731914,-0.20343547664959874,1.368472335644549,-1.3738370920484142,0.015225246571001284,-0.6575759476430405,3
"Beckley, WV",-0.38726983343181953,0.1317486986708984,-0.3403014081280069,0.00600698651324433,-0.460495945049033,-0.92734665909697,-2.0020379309462033,-0.01810596057625205,5
"Bellingham, WA",-0.44842835910600665,0.09922681966248817,-1.3057721541374616,0.02580483112394748,-1.275209525618339,1.1927356515644318,-0.958754131529574,-1.661434767284307,1
"Bend, OR",-0.34067270101613045,-0.07808870099112927,-1.1755138502041589,-0.069401375566314,-1.152183138725779,1.7487023500641266,0.010512233399009455,-1.2520135270702395,1
"Billings, MT",0.15321667946361997,-0.110839966119002,-1.4117383389243943,-0.1300324596144399,-1.2379538841148787,0.006438209035678777,-0.20249544894111182,1.1178431690650783,3
"Binghamton, NY",-0.38089586716191054,0.07483176993270639,-0.057171437110620595,-0.02255273867126944,-0.9507760047596129,-0.20170093772280998,-0.10925347453810658,0.5485688929902689,5
"Birmingham-Hoover, AL",1.2081273555929213,-0.5508258322882642,0.43604573768532956,-0.46573095615889804,0.3475614497475926,-1.4184762736957879,-1.1877951892943253,-0.3572025266382853,4
"Bismarck, ND",0.140771834496881,-0.10493370892849625,-1.3589048318493788,-0.061991748716823294,-1.2897020094702951,-0.32413637227577946,1.3206537110467025,2.822893554048566,1
"Bloomington, IL",-0.425918862571597,-0.014103133106237273,-0.14655159331757023,-0.059060070680792415,-0.4511123774851956,0.40132207990403435,1.3075422285705616,0.44124963888510027,3
"Bloomington, IN",-0.6654579231879479,0.07101477044358642,0.013152795287609634,0.0012693109957405658,-0.18640977038815143,1.1816411020337187,-0.6911801620828942,0.3185489150677344,5
"Bloomsburg-Berwick, PA",-0.584218051292514,0.06872731007565794,0.29810002443778694,0.015115850817182287,-0.6250956243637283,-0.3422128384558636,0.1983447972459691,0.8070902445140996,5
"Boise City, ID",0.7887907570534661,-0.41843392402088025,-1.461570875621035,-0.29110072031548995,-0.9737459432016802,0.41059816662917115,-0.3356902580847523,-1.2269765584351768,4
"Boston-Cambridge-Newton, MA-NH",2.121804044092953,0.6937788201368719,2.461147695674069,-0.3015757471041025,-0.764176147323627,3.277854915697416,0.05407511548899996,0.7904913411606145,4
"Bowling Green, KY",-0.2467459055688523,0.06052939535149823,-0.4051318888732771,-0.045057788884441737,0.1695375455512742,-0.7438239240221106,-1.0810670900476895,0.8841166248415657,3
"Bremerton-Silverdale-Port Orchard, WA",-1.0490823317795828,0.10876714298057141,1.3661598968782984,0.07638482572741281,-0.40005367984559687,2.275526121799374,-1.9742747638989917,0.18902769616230833,4
"Bridgeport-Stamford-Norwalk, CT",-0.9905143512183265,-0.08967218627028363,4.260505837154111,-0.0039825549219495784,-0.37958304576751284,1.974779969912294,-0.34243581803636614,1.5375035598252464,7
"Brownsville-Harlingen, TX",-0.3219160995973089,0.003525689939794506,-0.15649920340825302,-0.15809372449836276,2.4752740790814283,-0.037081211653069296,1.1111429310189525,-0.26447090737228696,3
"Brunswick, GA",-0.32178686868409223,0.059382547571744174,-0.525624829983456,-0.09152143014282497,1.5156850301583336,-0.42871889399356317,-0.5200086634752568,0.3548288178396019,3
"Buffalo-Cheektowaga, NY",0.009104542400938404,0.09060483354760343,0.07854328990494,0.14374085949360366,-0.9062367329192277,0.12051047321782159,1.1733952488088322,-1.1029453136056038,1
"Burlington, NC",-0.7975727176677485,0.1617462986991205,1.1765079249817154,0.07753524235773045,0.19562836715459553,-1.2104822490262646,-0.8760500499369474,-0.2633459605285438,5
"Burlington-South Burlington, VT",-0.47106966090393865,0.014380448298875923,-0.43712159874032985,-0.026212582972615334,-0.9644247764683671,1.539998944824208,-1.199346828699746,0.2473980552612691,1
"Canton-Massillon, OH",-0.5363783788816828,-0.008370456671173204,1.187155143022353,0.06181350064692549,-0.695506122473273,-0.6024703670532785,0.8589448330794753,-0.7609734437607337,5
"Cape Coral-Fort Myers, FL",-0.34235555396027245,-0.2701119839276084,2.923578212447121,-0.29232768692868233,2.391921912854593,0.4756608266289859,0.8901402310850977,0.7013491504370187,7
"Cape Girardeau, MO-IL",-0.2841386668374164,0.07045110077695566,-0.49499620219947726,-0.03504089013492905,0.11806027978966369,-0.7419857812475393,-0.8775040106830869,1.0562183082349685,3
"Carbondale-Marion, IL",-0.40738583298265557,0.03285649919375528,0.009940389370853687,-0.09479422982270379,-0.03471142898997643,-0.29518760515589754,-0.6444034078069952,-0.45227951360177926,3
"Casper, WY",-0.07574765910793944,-0.014019622146467856,-1.6343740652855483,-0.013370769936371912,-1.2243096079314566,0.014843424309416903,0.6400847524091462,1.0443296572269707,1
"Cedar Rapids, IA",-0.10525743129905128,-0.09548946022572126,-0.3311525812008896,-0.12995684235215027,-0.9649078689687522,-0.2950488993931752,1.2326402912695633,0.2901973244614499,3
"Chambersburg-Waynesboro, PA",-0.5227746297803616,0.08525654162408801,0.039640194043479356,0.029866607649974748,-0.3562598121363842,-0.4049158207675195,-0.24451258952975452,0.38260500486661597,5
"Champaign-Urbana, IL",-0.46671090839491003,-0.0417967813954454,-0.015804804354301313,-0.13961864484510036,-0.28742312853587026,1.6812666071144442,1.8861998963864104,0.9003884792612985,1
"Charleston, WV",-0.03508308441117793,0.010515674757454525,-0.40403415512288127,-0.14152174275851895,-0.10104227773228874,-0.5692312258934042,-2.064598818810728,0.8699175054277559,3
"Charleston-North Charleston, SC",0.28007914265955475,-0.20874560361106773,0.19478833012340926,-0.27742210001909323,1.0782928564152352,-0.013208847801834057,-0.9471926305680749,-0.38246338175105243,3
"Charlotte-Concord-Gastonia, NC-SC",2.533169422358821,-0.9000956029094351,1.0108492261338395,-0.9803998503073761,-0.04036227877389831,-0.49327083212105843,-1.363911574615643,0.21660909165183692,4
"Chattanooga, TN-GA",-0.05929742120666775,-0.1081103066889938,0.49128266803934123,0.0950867853350456,0.20632805579618,-0.7023259734223812,-1.2374611050375017,-0.1864021194276987,3
"Cheyenne, WY",-0.16370650569042586,-0.0005148669510758206,-1.3115286019964314,-0.018548916138122384,-1.0257443407867817,-0.1914818297090927,1.1989999443810138,0.4255203970958489,1
"Chicago-Naperville-Elgin, IL-IN-WI",5.628515104774932,1.6183267520017914,0.4278154421872882,-1.2762166590138453,-1.2590400933635952,1.7944185458202062,1.419278245101277,-0.16250971858981533,4
"Chico, CA",-0.39795486713637834,0.028201389866951563,-0.3726757372589378,-0.048869149026941304,0.7400479261441518,0.7171494962387049,-1.3266269164081361,0.37062634160971925,3
"Cincinnati, OH-KY-IN",1.5256028192954931,-0.4194286388619579,0.5289676063422682,-0.4877550798745738,-0.5668016905676864,-0.4366535061995318,-1.1781609459997828,0.0005362670474584956,4
"Clarksville, TN-KY",-0.0723509327185144,-0.007211901940459754,-0.29737438077274925,-0.1230805731789261,0.1964501138576184,-0.8970024845752244,-0.9320014174379606,0.5356777594170681,3
"Cleveland, TN",-0.5053172946614384,0.15924022783303307,-0.08498396650498982,0.037411511221688315,0.309669568805829,-1.0979910274884257,-1.0491047264751687,0.10981928961794203,5
"Cleveland-Elyria, OH",0.7223870036905395,0.06728789836483795,-0.020140850643139196,0.1834038741169414,-0.7873255205270094,0.26845064433596705,0.6775970909531037,-1.1854881375833584,4
"Coeur d'Alene, ID",-0.3686626051371901,0.0027707336414939557,-0.3215532594677242,-0.0205761929465292,-1.1931719079518333,-0.07099854572587408,-0.366248571320376,-0.04071623449246504,3
"College Station-Bryan, TX",-0.234609004581075,0.004671674717908893,-0.475123532812667,-0.11882426456138839,1.5157976314302997,0.1877569536019652,-0.2835616073742849,0.3662452098092757,3
"Colorado Springs, CO",0.09459946475138184,-0.22741650435945215,-0.012628356700877152,-0.20288404021466835,-1.374789507913916,0.7323625675157319,-0.24205428131311477,-1.5181471377285576,3
"Columbia, MO",-0.28353395355511585,-0.011914897806957118,-0.2460944477854562,-0.051642053176818616,-0.13362820075816137,0.01122510371304093,-0.7850875089855792,0.5664723658685599,3
"Columbia, SC",0.6785410688590183,-0.3766146372058897,0.3323084031106741,-0.44134151311997866,0.6109935960809482,-0.4662868017098392,-0.7860213885314858,0.41702363165224043,4
"Columbus, GA-AL",-0.038638715178294814,-0.05447182109845793,-0.4574326163774907,-0.19780257029137135,0.9563385038938316,-0.21637906124046824,-0.5350379228127573,0.2814202484412228,3
"Columbus, IN",-0.7151548755676741,0.10655598456605533,0.2531167602587261,0.045039314121772776,-0.32989339319102434,-0.44385456750139507,0.9076139526365864,-0.6024847564062219,5
"Columbus, OH",1.4207872159960169,-0.5257273385019084,0.35011621341605453,-0.07667734925737857,-0.8117715230751947,-0.24511716088484095,0.15383039570994317,-0.5412905640468121,4
"Corpus Christi, TX",-0.20086569033250157,-0.03134898970833928,-0.30766232403645427,0.044859381213053585,2.0879640472673238,-0.3997768947359122,1.4604306348555434,-0.3431732390264084,3
"Corvallis, OR",-0.8399270402791811,0.04705821700619294,-0.5468241717686568,0.040952247434123526,-0.14365933195515332,3.190973150744421,-1.0946140178895503,0.2767213542563586,1
"Crestview-Fort Walton Beach-Destin, FL",-0.23154241862533378,-0.018863029648228835,-0.511779769420442,-0.14217171129883072,1.4744677549749652,0.2724533145452583,-0.5443618430820948,-0.7894598400843944,3
"Cumberland, MD-WV",-0.5726975997561218,0.1581149647343434,-0.20470900286075877,0.04735696342218879,-0.3454670760228166,-0.540136217608366,-1.436485445568313,-0.3494526287533975,5
"Dallas-Fort Worth-Arlington, TX",6.538154954645557,-2.008315315234772,1.114954240925413,0.9695157476845545,-0.2538046932106218,-1.847710632177856,0.3215844849220185,0.1609923128061888,4
"Dalton, GA",-0.5268271815604891,0.1957963417272817,0.06551207673243843,0.06477273447394465,0.38551717268490726,-1.529383214374196,-1.2456541654094733,0.184896115710998,5
"Danville, IL",-0.4531578364418506,0.07422338410272061,-0.30738108773291495,-0.011463033021565124,-0.5032541978080142,-0.4823828696955949,0.9170244877807024,0.3617387574652271,5
"Daphne-Fairhope-Foley, AL",-0.2699495054349103,0.014106583596436897,-0.5014348725886487,-0.1200258052678768,1.415697607025494,-0.18301215210419272,-0.9329023230822954,-0.6863586967375805,3
"Davenport-Moline-Rock Island, IA-IL",-0.10668118843875234,-0.08166850022930369,-0.21288555159028236,0.2134294355988861,-0.7732097569387925,-0.7741804206532461,0.6875727103010696,-0.4349586378100158,1
"Dayton-Kettering, OH",-0.2962243264682861,-0.04511218853023475,2.01472909069227,-0.07831100359919485,-0.49823955021185384,-0.2938860707247855,0.47491908572085484,-0.3164214478554931,3
"Decatur, AL",-0.29165936455217845,0.10847829174798194,-0.23823764250402082,-0.0240566628229162,0.41469761859872073,-1.536486311482594,-0.5104002337826503,0.305836626515123,5
"Decatur, IL",-0.6096064186734935,0.11849399267317923,0.20753161577242926,0.01362143247741735,-0.46125362460434344,-0.7626147156699422,0.9839551678260277,-0.31220420328851123,5
"Deltona-Daytona Beach-Ormond Beach, FL",-0.11459172585348448,-0.1180993898396628,0.42188244690755744,-0.21603828962479968,2.02214082742143,0.6317508959456029,0.4862773187808348,-0.5844236228420598,3
"Des Moines-West Des Moines, IA",0.44636775598801665,-0.27146778089058243,-0.213281687833927,-0.3158204158388718,-0.8502583869212242,-0.20333833726057143,1.0969430768151165,-0.09082312671804323,4
"Detroit-Warren-Dearborn, MI",2.871866353920094,-0.6875183136648775,2.2770022831777212,-0.633288657490833,-1.4068361519427994,-0.4494001630585066,1.2539751761684519,-0.40584116566437606,4
"Dothan, AL",-0.18068837040172953,0.028158418651422542,-0.3028154497963954,-0.12703084222276723,1.2463476668428333,-1.290599245768892,0.47379132682410807,0.6245791827409031,3
"Dover, DE",-0.7608813328905514,0.21737471696782995,-0.20622628759582992,0.4896097399251347,0.1387651459972566,0.13488962843021535,-0.15854217624376876,-0.7440207051835521,4
"Dubuque, IA",-0.5924068658471993,0.08690841864751894,-0.19159905832309704,0.027487514335600545,-0.9430850783290402,-0.023532688348814723,-0.023730577179258437,-0.32681949521304154,5
"Duluth, MN-WI",0.7055146520573612,-0.3911246347650255,-1.36974759690667,-0.20506539160903833,-1.8787074053007167,-0.14501628245835574,-0.7487799249286532,1.2258694845813098,4
"Durham-Chapel Hill, NC",-0.05236760462238037,-0.10923226419752612,0.45170715633480496,-0.19546439799430507,0.4070085890799937,1.1105952539419202,-1.467876334005732,0.500696890830858,3
"East Stroudsburg, PA",-0.78387601985604,0.09014321676488717,1.3349023623873357,0.019378280571967152,-0.9581482652544414,-0.26315487589957093,-0.9383225420718054,-0.12363763887355775,5
"Eau Claire, WI",-0.23084204506627157,-0.0694542534788893,-0.37907424112161375,-0.09608773307696285,-1.30080923035802,0.04755824455053273,0.44641943244815885,0.4869892034480995,3
"El Centro, CA",-0.11216968550824939,-0.06088112458485002,-1.3188611010549327,-0.18608210643126027,2.6439786307999764,0.7258274839385499,2.0807220867879086,1.3860468750299062,3
"El Paso, TX",0.3973251593552791,-0.2373344094102472,-0.9674483130459618,0.23060338336836628,0.8541001684768117,-0.4821152209245198,0.9854686886081585,-0.8884090138222938,4
"Elizabethtown-Fort Knox, KY",-0.36694890781125844,0.11587789919832873,-0.2624018348518843,0.026564185424172722,-0.059401231755056606,-0.842920784254227,-1.3769768047344326,0.5667231711265468,5
"Elkhart-Goshen, IN",-0.7997914959504471,0.09773159317341111,1.2505370966747855,0.05096602708135149,-0.8243971858411784,-0.8134940209574298,0.6430575554970952,-0.625915526069451,5
"Elmira, NY",-0.6798344686764258,0.1426176826534681,0.0839784208661057,0.06319114612225245,-0.9182089235581505,-0.4169840617368784,0.4892377058987681,-0.1953706477211506,5
"Enid, OK",-0.32063782691714565,0.04118436959145205,-0.55602275441906,-0.032994378168234716,0.40990656874263065,-0.6489886014631085,2.203762029200298,1.4238136027255743,3
"Erie, PA",-0.3976908759362319,0.07747310522152272,-0.6965083477889182,0.02324709577262447,-0.8081815834180024,0.08730036942314032,1.6019582892222772,-1.2571677624985245,1
"Eugene-Springfield, OR",-0.07852124841577,-0.06969543189335548,-1.0060030514113858,-0.08223954483036122,-0.599100015042394,1.6283036280622554,-1.3918852977365317,0.34291051213567525,1
"Evansville, IN-KY",-0.24439336060187467,0.017512440421335797,0.21003893141408048,-0.10389176871840107,-0.1105743988173106,-1.0161623433826408,0.01036230174995259,-0.2801551433104216,3
"Fargo, ND-MN",0.07115953286431685,-0.15048935717372253,-0.7861795658577949,-0.1581607091354555,-1.548277716680387,-0.09564529769459396,2.042821551462493,1.2359016947977353,3
"Farmington, NM",0.2282961573085065,-0.07888551969091578,-1.2042382018022848,-0.1597927370448705,-0.3718806353803193,-0.9501369356605178,-1.2441516528781174,1.7723829591805746,3
"Fayetteville, NC",-0.20495033732907042,-0.022890707287206533,0.7276570519457611,-0.1295057422630747,0.6024170924151329,-0.5857861953296911,-1.2653045393505988,-0.04660047164633002,3
"Fayetteville-Springdale-Rogers, AR",0.18223105280357962,-0.18227869199062494,0.1751895122665291,-0.2639941850578611,-0.02849272905428708,-0.7715798386340949,-0.9637151393102228,-0.10300194276183088,3
"Flagstaff, AZ",0.4765589532495428,-0.3313485106651366,-1.3834601046147657,-0.27018032218758664,0.3047700355924588,1.7399748077530308,-1.1757847034238895,5.859771929275994,1
"Flint, MI",-0.8306765652186188,0.10495768532610449,1.8315674657500827,0.36136125031112454,-0.922998404038923,-0.8871254806815198,0.7935949185641297,-0.5670220368244561,7
"Florence, SC",-0.3007091911694098,0.04731173011991665,0.3063247333428905,-0.10829646765774771,0.8498803547017021,-1.2663078128790441,-0.7682699362829158,0.3179349873850096,3
"Florence-Muscle Shoals, AL",-0.3401266431885453,0.07410322815771098,-0.10422661480132239,-0.06101192534928252,0.42103490257811493,-1.1930574638501084,-0.307972182728257,-0.3744730735713964,5
"Fond du Lac, WI",-0.45848229992787515,0.07564291734444137,-0.27190883309616964,0.02344735625696325,-1.0900367439736967,-0.5556799969843251,0.19901353410543723,0.2683557431582368,5
"Fort Collins, CO",-0.3272669905590396,-0.1164206880188665,-0.8286761290029474,0.0024457345628487105,-1.4003130374277786,1.8819679527615747,-0.1952644755090163,-1.6762190365182281,1
"Fort Smith, AR-OK",0.0006634334458491274,-0.02878282944888117,-0.3671540179131186,-0.17054235393760267,0.3324343580526922,-1.2451061424204213,-0.5415327524442586,0.31039253573182085,3
"Fort Wayne, IN",-0.4552007939226074,0.011179245233200198,1.0594384705897342,-0.04133764463039055,-0.8113168041736687,-0.8497324237201864,0.12108267116725492,-0.49447479219593055,5
"Fresno, CA",0.49131848770075254,-0.22326648083340797,-1.0073778843003796,0.09771702783259516,-0.12226996697926047,-0.34930012644297553,0.885259897289532,-0.9199899025182753,4
"Gadsden, AL",-0.6360501409720131,0.15554382324129323,0.6940689783544253,0.022600042873795856,0.49800295666045624,-1.6187009000404036,-0.05560687048945115,0.0440693696358503,5
"Gainesville, FL",-0.1241039585469619,-0.08020813431287493,-0.3565687371166097,-0.26522387171901024,1.9147048033211833,0.8324717351791737,-0.11090447720564584,0.3012032940189828,3
"Gainesville, GA",-0.8613364244983884,0.14497707929637454,1.5458210555830119,0.07757079607784886,0.35489850082345914,-0.8104459956086583,-1.7909109871152031,0.3033912392752323,5
"Gettysburg, PA",-0.6126889487632913,0.08966263858387488,0.2984102976904452,0.04436766426011179,-0.26986524669444395,-0.3357840365647479,-0.0697151628571329,0.9805737739464188,5
"Glens Falls, NY",-0.2527016785912884,0.046749746264025185,-0.7257299538116633,-0.02464154613790482,-1.126808503832691,-0.3419718924712913,-0.907967430292402,0.5378018688973305,1
"Goldsboro, NC",-0.6216676209948155,0.18369036734182345,0.34810772750585867,0.04734789471349646,0.5700544456480906,-1.3106908477670836,-0.6844065978112609,-0.021187380795929366,5
"Grand Forks, ND-MN",0.2695521856767272,-0.22847600545075095,-0.8443761044952266,-0.17327905754021258,-1.5411285898592804,-0.1085605525188416,2.4010374663584075,4.5362435783704305,1
"Grand Island, NE",-0.1250236042491403,-0.02326953834268486,-0.6881978177868965,-0.06712751769081515,-0.5456278204652739,-1.017299089710017,2.476849106710099,1.5895570241121881,3
"Grand Junction, CO",-0.321328432176424,0.009248387414891574,-1.377640464027049,-0.031663367702951896,-0.7247345561601863,1.0071220864602084,-0.6432816561277575,-0.8666771021413967,1
"Grand Rapids-Kentwood, MI",0.39521826014704037,-0.2443260938684398,0.6437656968939203,-0.09234882489825438,-1.126164326632549,-0.5382186903502303,-0.07659491829679835,-0.10317292580120214,3
"Grants Pass, OR",-0.41470357799041113,0.12062211252181233,-1.236519658346747,0.08547772053534414,-0.3217121094524262,0.6877133790523229,-2.0627405652454387,0.9740331114554575,1
"Great Falls, MT",-0.1515167151463964,0.013804670488669426,-1.3524612757643453,0.003078205755553456,-1.3358982164859041,-0.025392958832817503,0.7606506211851847,1.2873530943995126,1
"Green Bay, WI",-0.08947742396810039,-0.08740843312514186,-0.07840271669089978,-0.12956106668776646,-1.3480812627709786,-0.5878801900013795,0.16014826901899054,0.0886462599632194,3
"Greensboro-High Point, NC",0.01042403978831082,-0.12329678939119462,1.104639926582733,0.12080893451581837,0.09466800143594925,-0.8223303870665858,-1.1632282234784084,0.28024957301879755,3
"Greenville, NC",-0.6722694896273597,0.1344695101457662,0.3343238194282167,0.022227105213770082,0.6815439856169311,-0.23828774839691372,-0.6556781509309819,-0.27926913642993473,5
"Greenville-Anderson, SC",0.3391934448091283,-0.3615224306303378,1.0452043861444529,0.3979140172665596,0.19223824376205367,-1.257797314147651,-0.9478923837901422,0.1941937658679319,4
"Gulfport-Biloxi, MS",0.10850406663095642,-0.09442434685050238,-0.34239811065330295,-0.25593146927482535,1.2660209466754762,-0.7513149381378352,-0.6495953930956119,-0.7148968314847176,3
"Hagerstown-Martinsburg, MD-WV",-0.4730203418865059,0.05656646748197097,0.5521660883610569,-0.013015641290133904,-0.2892890444821511,-0.5384267155159629,-1.4464656778898541,0.10783909398211018,5
"Hanford-Corcoran, CA",-0.4097906046174409,0.14194493866311214,-0.6149912530296543,0.18702172029265762,1.2158368287945354,0.21494757986963334,0.9006087426429558,1.5507214219816499,1
"Harrisburg-Carlisle, PA",-0.21980881515791245,-0.052976740030440755,0.8062104944924025,-0.1553088132100689,-0.4464084188348285,0.2509098401198562,0.3684409338508777,-0.24737739259813551,3
"Hartford-East Hartford-Middletown, CT",-0.04970597386917383,-0.11885231914446714,1.9914888501227332,-0.13847400121848094,-0.7568546609936251,0.16097786372878112,-0.11841892523415037,0.2103618075789894,3
"Hattiesburg, MS",-0.17968873656627565,0.019506871264218528,-0.3431245948574469,-0.14839223120146636,1.1860164135124007,-0.8030240936413636,-0.5609659460438251,0.4861001497547991,3
"Hickory-Lenoir-Morganton, NC",-0.16273160792294092,0.0029272087566617213,0.5779161148850384,-0.10143108890699469,0.0007463051987169444,-1.3492646639343115,-2.2141852215854247,-0.010286820923518064,3
"Hilton Head Island-Bluffton, SC",-0.4014271579126694,0.01571968154334476,-0.266361980059429,-0.11488991258300886,1.3303158402924191,0.28489035061861673,-0.7807749249571594,-0.690113629015515,3
"Hinesville, GA",-0.42597609518838747,0.1235940066136075,-0.3924761879984531,-0.020020088250985793,1.532938073841363,-0.4820968561764431,-0.8931205085070525,1.3148422674088989,3
"Homosassa Springs, FL",-0.6802323490159465,-0.012702685125106134,1.114351564891798,-0.13914662192062802,2.0824128896282743,0.02644514068013116,0.48766252864717113,-0.09043608495874521,7
"Hot Springs, AR",-0.6289185959118182,0.12370920134231632,0.5804640264016857,-0.014934719396914901,0.39816535086094745,-0.9554503631380703,-0.9496172734827069,-0.30038937472972665,5
"Houston-The Woodlands-Sugar Land, TX",6.044011338841522,-1.4836929329942983,0.5415271812711446,-1.2212098237690905,0.8184041524969006,0.12694463708676604,0.296880411158093,0.14852489216956477,4
"Huntington-Ashland, WV-KY-OH",0.07738753248005666,-0.05001932341033922,-0.05518426871999634,-0.19554382910113793,-0.24135309752007464,-1.2778731489295974,-1.7565086481492136,0.14138557257537693,3
"Huntsville, AL",-0.264452314220384,-0.08313768141206457,1.2799630606681218,-0.1423837393739948,0.28449410233218614,-0.7676102323104339,-1.2234054739139888,-0.6737635252197932,3
"Idaho Falls, ID",-0.0056307661687906635,-0.07717516395479895,-1.3888978400911614,-0.11150103574940337,-1.506528859011641,0.38439631777019734,-0.1715655445068607,0.6229255910345359,3
"Indianapolis-Carmel-Anderson, IN",0.8901322761073803,-0.7484266879143072,0.9915801351148635,2.3997374131606897,-1.0817560486529592,-1.1727716938509725,-0.5361397745860806,-0.2998187382140797,4
"Iowa City, IA",-0.5445735142732034,-0.012241654818577441,-0.23731021835121044,-0.0685248941570032,-0.5212206751575226,1.8799396625472788,0.6068905386188137,0.8396419936767004,1
"Ithaca, NY",-0.8953443941694756,-0.01380109222460702,0.15014327400355829,-0.020134305705432374,-0.5030977329742782,3.9324518665961747,0.2884145990008827,2.119608468204588,7
"Jackson, MI",-1.0117244240152141,-0.19268912019017478,4.706572945904443,-0.14146803370623467,-1.1305867882164828,-1.1099574082442902,0.8482584695874411,0.2637087799494826,7
"Jackson, MS",0.8298627128582627,-0.327076923120808,-0.45994314139568626,-0.5056731919504125,0.864104681132036,-1.5453245648052951,-1.1403487836835784,0.45369116872479087,4
"Jackson, TN",-0.192952331071118,0.038302089920163686,-0.3172976675139471,-0.07144464899534655,0.3888294047962861,-0.8802737064693017,-0.2931768028337006,1.2270891789497091,3
"Jacksonville, FL",0.7622052919072464,-0.35486178436046156,0.5029535605352516,-0.11780512851289848,1.5961381941256618,0.46042535181092054,-0.35609860002060506,-0.39203430047844423,4
"Jacksonville, NC",-0.6604180744135943,0.11958040724072987,-0.04162835875671561,0.007006878086774483,0.9324410970386808,0.6372165603794058,-1.5964924623496901,-0.31671244982338553,5
"Janesville-Beloit, WI",-0.5330665361915725,0.06370573658489012,0.16239050781438996,0.002013420492729219,-0.9985133144080238,-0.755911872701118,1.3482026316388855,-0.5970880201215166,5
"Jefferson City, MO",-0.04076104744441612,-0.0028032826246538554,-0.5739808811390378,-0.08366713890674857,-0.01029927587071719,-0.9022341278826169,-1.092743261328954,2.1216424861070458,3
"Johnson City, TN",-0.5755996408980657,0.1339607075865453,0.5387352622104078,0.05292968224624775,-0.2889676234167061,-0.8610970657267201,-1.3919752842689068,-0.42152076040911696,5
"Johnstown, PA",-0.6721690570181958,0.11223343626215931,0.34294239418171985,0.05649365675166374,-0.966831929951916,-0.4432446590675605,0.13979404065164103,-1.0442897288071058,5
"Jonesboro, AR",-0.2319009581252219,0.06593580086058462,-0.25447566175646535,-0.06279190452284157,0.4329038979328836,-1.2715109645622293,-0.6128013527065982,1.0849862513450885,3
"Joplin, MO",-0.34333454793292784,0.0010329346132347745,0.24591143281287922,-0.10631067143867638,0.05146434309120374,-0.9535671699941872,0.713627196303457,-0.0894915517174236,3
"Kankakee, IL",-0.5508827054458022,0.0987689339453551,-0.10897351741204006,0.033562366686038576,-0.535575485178095,-0.2582260956810155,1.680356220828102,0.31903790005555593,5
"Kansas City, MO-KS",2.6460307816136424,-1.0623815837735218,0.16774537668849718,-0.7355710274533813,-0.802162355788288,-1.0379297447581413,0.23522820040953915,-0.6961995226551674,4
"Kennewick-Richland, WA",-0.18524541778233367,0.06987402565506542,-1.1663123793931653,0.16415588857469077,-0.12845402309485712,0.2921186299626399,2.4813800765853493,3.3710033610969057,1
"Killeen-Temple, TX",0.00724433606997014,-0.09293803309788741,-0.47786603694095225,-0.21837051872397603,1.2770121254623004,-0.15955313598309617,0.578681267930023,-0.10312590252342596,3
"Kingston, NY",-0.5568471340385719,0.03781821855225491,-0.04959016062273055,-0.03964156240408776,-0.7065604293946965,0.9985197228547988,-1.588838892569446,-0.19964231924398945,5
"Knoxville, TN",0.612576798598871,-0.30581389587535884,0.49066365848750726,-0.3635332080474506,-0.10822125409678639,-0.8265703843036997,-1.4242427906762112,-0.051634390412981394,4
"Kokomo, IN",-0.751745079105261,0.13185177415693494,0.49037631058457615,0.07711215433918457,-0.6746853053752544,-0.8418747370769922,1.7355933637487895,-0.3911371578213756,5
"La Crosse-Onalaska, WI-MN",-0.47125598279797587,0.04473895001473797,-0.44245653882346625,-0.015277470008757192,-1.0656200205133055,0.2319440187950445,0.028467507278728394,-0.37400008483445607,5
"Lafayette-West Lafayette, IN",-0.30781433420841064,-0.02094381007776818,-0.1832640058337298,-0.015379312403782038,-0.5177691688489797,0.19141121263181538,0.46719156814382645,0.762849298423689,3
"Lake Havasu City-Kingman, AZ",-0.04904805236090121,-0.012443970825849587,-1.7916720617092363,-0.14452804583647652,1.0254141758633653,0.2530758648667121,0.7185602845541608,-1.079279574684881,3
"Lakeland-Winter Haven, FL",-0.044827033842451444,-0.10054705764271697,0.3955409516894412,-0.23935273687993155,2.1261901973778063,-0.2612212187640975,0.48322903720629656,-0.6753611260559961,3
"Lancaster, PA",-0.5425377389940302,0.03165255974817791,1.3730648211362342,0.02058522080281509,-0.2798030617242386,0.08541356183552405,0.6943727015294593,0.4038281426466267,5
"Lansing-East Lansing, MI",-0.14997955327748372,-0.035810933211178224,-0.25223665264178763,-0.07566126177798145,-0.8292691115536565,0.5002546369313101,1.3011025373449299,-0.15640329960561872,3
"Laredo, TX",0.10375809304259312,-0.11825290177236608,-0.7227759729121895,-0.18240471157330107,2.1960011008910456,-0.40235587285642865,1.353707105408033,2.279374756160422,3
"Las Vegas-Henderson-Paradise, NV",0.7091853424520409,-0.21248886447410298,-1.381591228316557,1.6177565184064666,1.0317793296580817,0.11533255552367591,-0.21760772194212002,-2.5199674359864375,4
"Lawrence, KS",-0.7701689414070757,0.0780011703099683,0.36375219857231345,0.029875979193977945,0.013261795352130517,0.8734042702123724,0.1295905278885085,0.36446088203123567,5
"Lawton, OK",-0.3103958833781768,-0.08392192394940798,-0.3583227497452164,-0.1532444916811927,0.865388618930365,0.8145032403434236,1.4153598618368588,1.316050497350635,3
"Lebanon, PA",-0.8333996471612818,0.11191053628670665,0.7959358244550486,0.07598705659991714,-0.38373107651019084,-0.24756751544556424,0.9771937889921369,-0.4035203231322042,5
"Lewiston, ID-WA",-0.3486887435223671,0.07395646898403412,-1.157307048276597,0.04652150840029133,-0.7098796436439481,0.2539214915570205,-0.2302409380112124,0.9245280251333567,1
"Lewiston-Auburn, ME",-0.7160525235176058,0.12396026829311081,0.20405490869706172,0.07081006233000922,-1.1823616567236852,-0.08498825969682816,-1.057021445813506,-0.6708535988750902,5
"Lexington-Fayette, KY",-0.38811566226346805,-0.0016711933959030374,0.3737931012505504,0.1346766815111844,-0.12353045917779633,0.1647719602937054,-0.6862326458459957,-0.6623758536317621,1
"Lima, OH",-0.7286887834987523,0.1294645507753923,0.5802417288797148,0.0434534935891421,-0.5899786845507102,-0.9216782512040691,1.4176164035366685,-0.5280144628711424,5
"Lincoln, NE",-0.3242988567779776,-0.06866121955572298,0.2037067575433634,-0.04015921611712107,-0.6364053828526544,-0.11770386311589819,1.4378033720555112,-0.5712185374832704,3
"Little Rock-North Little Rock-Conway, AR",0.767630883769869,-0.34733364901538005,0.06619032610961542,-0.437983109278582,0.2251351550192331,-1.2950141881778494,-0.8210654429007079,-0.10123282737310196,4
"Logan, UT-ID",-0.3838060112142152,0.02128690253206513,-1.0620046974088866,-0.011760313182141666,-1.2031023181122997,0.8722406630297691,0.02388626633397481,-0.22575563619439934,1
"Longview, TX",0.06695276892167921,-0.06728903755947978,-0.39941251905772135,-0.20441040577284417,0.9134168079455306,-1.1520208467049131,-0.02165609095720304,0.6760799249381179,3
"Longview, WA",-0.41110874128503233,0.1700421724195224,-0.9308400931591907,0.08993347458213086,-0.7609211205351354,-0.5670708049310917,-1.4629055287593502,0.0010076052369362382,5
"Los Angeles-Long Beach-Anaheim, CA",1.241217924885666,0.7053240299094448,0.4784946049296258,17.527701247970757,0.036445162407488664,-0.5753243263221078,0.2336706059189366,1.0382297901088864,6
"Louisville/Jefferson County, KY-IN",0.5843599260308255,-0.26812448342635253,0.6390307107532047,0.019858496128522543,-0.3174544355063506,-0.37564610174247104,-0.9210775515974259,-0.31885339818386843,4
"Lubbock, TX",0.08052746774560095,-0.141843290844362,-0.26277753453670466,-0.2010924526725222,0.5624364033050382,-0.7037613765592912,1.5149536201795897,0.5653826472880467,3
"Macon-Bibb County, GA",-0.2523088007883643,0.05948936725872035,-0.3375017633709514,-0.09161328917725703,1.0148782123813929,-0.6852630658362829,-0.4326820458947157,0.35421252681110227,3
"Madera, CA",-0.24418693672941247,0.030894741905961882,-0.9533956949191809,-0.0173056779870694,0.22482693238031157,0.09002935119719015,-0.0040612859695254196,1.2197978425261193,1
"Madison, WI",0.27253658542931825,-0.2968798716088593,0.022351710416124517,-0.3872489046068348,-0.996692205234377,1.3205823817619042,0.22394527188067176,0.01965513097055477,4
"Manchester-Nashua, NH",-0.5943007580618692,-0.030651861803662694,1.1428204751141307,0.0018193540725352834,-0.971374035666336,0.18476523722788207,0.2518695905448451,-0.6026276068707144,5
"Manhattan, KS",-0.3068621726357589,-0.04321077939571054,-0.5711443784302668,-0.10038336289645629,-0.04146176734145795,0.6728425563460344,0.09943449663518335,0.7482131191708314,3
"Mankato, MN",-0.3595883053140541,-0.03829489294417228,-0.39851012867282315,-0.05989047395108605,-1.0018655698998986,0.5281134038761193,0.401917178158157,1.1917366099219406,1
"Mansfield, OH",-0.640998220500506,0.15513315551175166,0.42922025429673666,0.057930425825712326,-0.7314393242724997,-1.248065813671304,0.206019287613742,-0.3085967106393482,5
"McAllen-Edinburg-Mission, TX",-0.1475347091103621,-0.15853694147472033,1.098264267118807,-0.25530680266670297,2.4298540650134486,0.002250368428400509,1.3166748306234313,0.45005290315996277,3
"Medford, OR",-0.26836314543483014,0.009363618999973872,-1.0911479042443732,0.023063453623653116,-0.5123973466174868,0.7785162089460043,-0.7247175803995097,0.15798636181245396,1
"Memphis, TN-MS-AR",1.1222809337965607,-0.35961866809314985,0.05693054022524224,-0.5277533772860551,0.2501725972472027,-1.2697809905602022,-0.39134899031432147,-0.6066345593149726,4
"Merced, CA",-0.3188949853309226,0.07480889396709417,-0.777673409398493,-0.014894324185790089,0.8235323535693131,0.1991534983663427,0.09133785230456007,0.22774536863293887,3
"Miami-Fort Lauderdale-Pompano Beach, FL",2.8208083055683213,-0.005846363590276231,0.5766747910767989,0.701208276119155,2.405622115775538,2.3336231408008743,1.7433449001433425,-0.08402628621174878,4
"Midland, MI",-0.5397032298876361,0.07076270108789262,-0.6258563692435248,-0.014468605799287387,-0.9263528215802609,-0.2732183487923135,1.8264844379802814,-2.0821870388191477,1
"Midland, TX",-0.29727929576695933,0.03410531721630328,-1.0007618293458744,-0.0635105971207465,1.0829348813801654,-0.24652763562111854,1.882122684270251,-0.5407964113314381,3
"Minneapolis-St. Paul-Bloomington, MN-WI",3.2313170892043064,-0.8079779509680121,0.6226048034656134,-0.4413386595011366,-1.7063411291759698,1.4842671222184878,0.43906730556505486,0.061209010465602225,4
"Missoula, MT",-0.29712015378234036,-0.03665550441516634,-1.0560054298740333,0.0972406371762115,-1.386075567366769,1.343673569506392,-1.1091840382025404,1.4690857470117271,1
"Mobile, AL",0.1213764728490487,-0.13375481159812577,0.05637252870882078,-0.29435548807022954,1.1573821099234338,-0.7498895650305879,-1.0350373243782582,-1.0180082916211837,3
"Modesto, CA",-0.39106525005794673,0.048973794693580014,-0.23789576030948234,0.09979252472059945,0.6158453439630825,-0.07705054776410754,0.5776941266583407,-1.329890109929943,5
"Monroe, MI",-0.5790698552581436,0.09913996979054104,0.35585434322917614,0.04106182459601766,-0.5959611754028251,-0.8848773196530547,0.6237398934455977,0.24669479624053672,5
"Montgomery, AL",0.050500500066263686,-0.0502261514227723,-0.29479941240648083,-0.2022351401015732,1.043036462807665,-0.8491464130172933,-0.9741310463183158,-0.1802615483689071,3
"Morgantown, WV",-0.541075854254171,0.08623823453951839,-0.035157241333809826,-0.010954344260314426,-0.40407874514586956,0.4761550366481943,-1.4682378975913328,0.7149129659504232,5
"Morristown, TN",-0.3204207926743787,0.16845023921297989,-1.5401119820042128,0.04947562593760684,0.220873744429617,-0.5000364027530415,-0.9075575504095016,-0.8475104294030216,1
"Mount Vernon-Anacortes, WA",-0.4582525514964109,0.1080285769101622,-1.2649021042323627,0.04965270776757143,-1.163584379332728,0.5464245674638925,-1.172921615949227,-1.5523421244841624,1
"Muncie, IN",-0.8564607332587277,0.09549731106587814,0.8328139213304936,0.0326047196144442,-0.44486910917487876,0.012707913469475396,1.694155376983204,-0.5247044876423215,5
"Muskegon, MI",-0.6677758264501207,0.12078230004764637,0.7044805695658884,0.04561962196139857,-1.0600676779039575,-1.3399801678229077,1.1135907066596826,-0.9176381958171146,5
"Myrtle Beach-Conway-North Myrtle Beach, SC-NC",0.07915266532469362,-0.19855312357267627,0.7085061817478595,-0.31397972122440976,0.7578003734066242,-0.5852201108917399,-0.7320365777441515,-0.34358009061757205,3
"Napa, CA",-0.696460713314733,0.13326354997717962,-0.7876969460483636,0.08089014263406248,0.642502314578185,1.1855164103026075,-0.6354691546450398,-1.1383050247584037,1
"Naples-Marco Island, FL",-0.3173200371254942,-0.005648665949854295,-0.8014002330685617,-0.15674571491016084,2.6264602034740507,1.2808013290158666,-0.3086451961124183,-0.5886592610189115,3
"Nashville-Davidson--Murfreesboro--Franklin, TN",1.740228841069341,-0.6448096904965877,0.2692015615046903,-0.5867223785452593,-0.08357971556380177,-0.31669103299906676,-0.9992806009437764,0.3436605453136419,4
"New Bern, NC",-0.32790623051234813,0.1308448888843878,-0.9066397436464498,-0.009233710998700368,0.8342651858402023,-0.49765059507373083,-1.4741225701480143,0.13895910913472592,5
"New Haven-Milford, CT",-0.9895768358442066,0.03224577541826282,4.047163547163182,0.1066465737827411,-0.6321253010423147,0.46029019756088285,-0.140277536626225,1.0900441283732347,7
"New York-Newark-Jersey City, NY-NJ-PA",3.166843112750696,17.74978730084385,-0.1744098985403806,-0.8420102243187282,0.18286342929963098,-1.3129057041644767,-0.0589550050191859,-0.13691112473564182,2
"Niles, MI",-0.7150836181341785,0.07397581606135148,1.0201301211478453,0.0019392207393622042,-0.7447088990031112,-0.6563714171592139,0.5839745207505588,-0.2747565783884194,5
"North Port-Sarasota-Bradenton, FL",-0.13184523477373292,-0.2028339716229067,1.517167592312575,-0.28014693973587035,2.187901886869557,0.7750148272503387,0.5314061250154446,-0.18836827236338416,3
"Norwich-New London, CT",-0.6609778251552644,0.06992832886773152,0.6559845021702374,0.029039427529712312,-0.5233322414336513,0.20572412099004259,-0.5653006716331009,-0.22524607696184507,5
"Ocala, FL",-0.18795554258733327,-0.15056349660074755,0.7649897921428873,-0.2942324497041184,1.8894722290023662,-0.31343712009568214,0.9009958238460055,-0.24131948097345457,3
"Ocean City, NJ",-0.7807304501025162,0.10895890148220017,-0.2909046762682964,0.007320991489560768,0.020439890321642864,0.7003832390049306,1.2670365180071852,-2.3653070155495155,1
"Odessa, TX",-0.5235014340929395,0.08611464127136388,-0.5396532222938726,-0.036399087534597446,1.0398573126285078,-0.4682192194585574,2.567361427548571,-1.6461833344311065,5
"Ogden-Clearfield, UT",0.18352856278657223,-0.13898124540596613,-1.6014747570804673,-0.15027597240989002,-1.014260255544799,0.599461353934719,-0.14432201281925983,-2.2675002220902023,1
"Oklahoma City, OK",1.5936146386875802,-0.6767893484455074,0.17891449544647564,-0.708353872131742,0.04557975963222847,-1.2595239615473461,0.14281368272964473,-0.24347813397700832,4
"Olympia-Lacey-Tumwater, WA",-0.7629760910345404,0.13741150045390682,1.2036991444175396,0.018323227689574152,-0.7450087882892433,0.374901649274032,-1.6030483737178596,-0.4485840803189825,5
"Omaha-Council Bluffs, NE-IA",0.8920133992474699,-0.4710288789094847,-0.03530273355886909,-0.501174688979461,-0.8611362609437532,-0.5853529338643053,1.2901928660398825,-0.7816898438098886,4
"Orlando-Kissimmee-Sanford, FL",1.2449882287367995,-0.4176017059618576,0.85119357318072,0.033753700966343614,2.0405500293929717,1.0433995449337452,0.3758948090388766,-0.041662397784663525,4
"Oshkosh-Neenah, WI",-0.6663579821140388,0.07989128026857333,0.23049246002105603,0.030014043972996767,-1.1307899017071863,-0.20068375145434986,0.6473246607514225,-1.2078309127892144,5
"Owensboro, KY",-0.439394953332436,0.14647484232306068,-0.3165232899918154,0.04677166404778059,-0.020917902242519344,-0.9853828396121254,-0.10389037054573202,0.19273448196951043,5
"Oxnard-Thousand Oaks-Ventura, CA",-0.26107413238862837,0.01003462733693538,-0.5503591879441292,0.20234787428450807,0.15507134105021356,0.6894436939730574,-0.5081379850334922,-1.8555360123858495,1
"Palm Bay-Melbourne-Titusville, FL",-0.2832479026923789,-0.07243042687922066,0.4836674028463201,-0.18418484287084524,2.2044940207526578,0.5691791117077303,0.6771303888232959,-0.772196312778535,3
"Panama City, FL",-0.5317379498161078,0.08677387407508799,-0.2876781147639298,-0.06556337079816048,1.6529790946642324,-0.11899199775905882,0.5693870683615233,-1.2727900894421305,3
"Parkersburg-Vienna, WV",-0.5776795050291054,0.16212885813938055,-0.03522922792097188,0.0495457159079384,-0.20501117548317294,-0.798130617012572,-0.8217919368190391,0.14391210745335986,5
"Pensacola-Ferry Pass-Brent, FL",-0.19329793061452458,-0.09216856713318115,0.14883411208695924,-0.18683292842042823,1.4610707034563846,0.662762313763127,-0.2613672100995887,-0.41307307534629495,3
"Peoria, IL",0.26247292154507634,-0.17470909369217763,-0.39079397605344646,-0.2736735292809805,-0.646793917795003,-0.7106750650855506,0.564114615318863,0.011142026628635825,3
"Philadelphia-Camden-Wilmington, PA-NJ-DE-MD",3.1188731983779685,0.8113082944682579,2.6437229087231633,-0.5830974677832207,-0.5578119127182672,1.0241414595425964,0.495752766302678,0.9108885973539601,4
"Phoenix-Mesa-Chandler, AZ",3.730532876469349,-1.1111966509740991,-1.290302980705312,1.184124728435692,1.4094894063873726,0.5545693548561695,0.8187115054609372,-1.1358105450585365,4
"Pine Bluff, AR",-0.13873568433171363,0.06286481774209364,-0.5932847725014658,-0.10164977272152376,0.6453194879980699,-1.3596870354769217,-0.5409111032535413,0.8998297948423686,3
"Pittsburgh, PA",2.163192942266556,-0.49395924626421506,1.1327203449046683,-0.7473893137809495,-0.9627939624629117,0.41986608371201667,-0.27330573413938924,0.312144423394131,4
"Pittsfield, MA",-0.582307059813902,0.05984903834435034,-0.23376765057399582,0.011481915356776938,-0.9371784764412094,0.7550008704207857,-0.28384807437775705,-0.21688208463948302,5
"Pocatello, ID",-0.23549703906850444,-0.005325695052236538,-1.0829393598092851,-0.0536725230041835,-1.1096331307782177,0.2998524048798545,-0.4784487780008533,0.1448611221662516,1
"Port St. Lucie, FL",-0.3581606570405932,-0.03588743340805411,0.17514338953822703,-0.17132641829554496,2.43515920461551,0.439348245888264,0.7178882787378956,-0.8203081290829493,3
"Portland-South Portland, ME",0.08145138355828367,-0.1970919403786614,-0.05734994611112651,-0.23472953637634375,-1.1600360664096327,0.6162441414843823,-1.3290448149938348,-0.888045479848988,3
"Portland-Vancouver-Hillsboro, OR-WA",1.5162250683483167,-0.2477742987916063,-0.2934892870782607,-0.40647011847566095,-0.9376456310934741,1.9825316790664336,-0.5511868607426066,-1.2245257863509758,4
"Poughkeepsie-Newburgh-Middletown, NY",-0.25284176126554136,-0.09737077233863393,0.9778369219370856,-0.17685884380942968,-0.6137408446054454,0.8470838737217162,-0.8274642614310883,0.08838933499462791,3
"Prescott Valley-Prescott, AZ",0.07064381898773826,-0.11585059360903396,-1.4161431117931667,-0.2035584005542821,0.6774790946466309,0.6993466491463679,-1.1889301092210733,-0.13826858540525516,3
"Provo-Orem, UT",-0.0547298715734156,-0.1601167350947767,-1.3332062970963192,-0.15994144515715944,-0.6982962887902098,1.742995992756977,0.22630656341231906,-2.3516482158193432,1
"Pueblo, CO",-0.24151635061809945,0.06119111202738354,-1.1506655242862645,-0.04213256174822917,-0.35601675193944493,-0.4546648054855519,0.7650558939612817,-1.0019922405011201,1
"Punta Gorda, FL",-0.6790363990190728,-0.07276511596370387,0.9027660211527329,-0.17551809877204605,2.4470827869036396,0.9183696262080054,1.4082930644185585,-0.42861320413059095,3
"Racine, WI",-0.9738615417587065,0.08480077365259568,1.6898956416966184,0.07262181859823129,-0.976740566062116,-0.4192191388122702,0.9709625981923887,-1.114179886562543,5
"Raleigh-Cary, NC",0.37660081925928507,-0.42201628144301373,2.174786715131962,-0.24725656937862422,0.37116260400043705,0.6292749609158429,-1.4084572018905468,0.4084174755631066,4
"Rapid City, SD",0.059389074175271554,-0.07916458414844248,-1.4367003112069046,-0.09104082633113257,-0.8433452875023953,0.2566475588507856,-0.6245882618723145,1.7825859611568031,1
"Reading, PA",-0.5928567034954842,0.0008164516967570969,1.315158635241264,-0.03577873239449343,-0.38603094153118994,-0.09673858019257336,0.6234472747376485,0.12208321692792204,5
"Redding, CA",-0.053096306111260524,0.003437012499283475,-1.048013627487053,-0.07867137931259015,0.13320977293112968,-0.07910825467951735,-2.323676545377407,1.0116883033199933,3
"Reno, NV",-0.4646308930020616,0.022202600111780647,-1.6742734776629815,1.1210069182366398,-0.6343535818798826,0.7912381107259466,-0.643992296507168,-2.4667558543768435,4
"Riverside-San Bernardino-Ontario, CA",3.3007691652610585,-1.115663556842404,-2.141875859681904,1.424666609373727,0.968025571707768,-0.37478090828836547,0.13465467150936156,-1.5542093451083236,4
"Rochester, MN",-0.08674277643801219,-0.14330939691326258,-0.4006899809246905,-0.18639954070410283,-1.1404692412118174,0.8256364018821081,0.08925826264131974,1.2504147059517563,3
"Rochester, NY",0.6350674193583616,-0.1743360065291666,-0.6720659015770369,-0.2994201273434107,-0.9416976115941212,0.22039977698212695,0.3235759538133799,-0.12087363322798432,4
"Rockford, IL",-0.6064594872169448,0.031488581806313115,1.2098362734114223,-0.019315057074822225,-0.9544666834076428,-0.7334009596470832,0.9998293325613712,-1.0324358079087732,5
"Rocky Mount, NC",-0.42779613639950437,0.1250839236305715,-0.14957735023658217,-0.008364686945347337,0.5354996449830532,-0.907423564289799,-0.6093717915181455,0.30933234981483515,5
"Rome, GA",-0.646774354650591,0.16164970408698176,0.0840728948114152,0.049701595994069384,0.5996387338577391,-0.5275811444009401,-0.5550360505357639,0.2717318290843624,5
"Sacramento-Roseville-Folsom, CA",1.1496158650207469,-0.38149639448725325,-0.05499877830770615,0.6265865348482844,0.1090405505480361,0.7454397524834973,-0.5810548232895242,-0.9234900312317651,4
"Saginaw, MI",-0.5091905738875127,0.06650471149587202,0.18073174081532553,-0.008493392602923278,-0.8879671436259795,-0.7902863044075263,1.9113870642905684,-0.602708610639502,5
"Salem, OR",-0.35473369539916827,0.058887348770599944,-0.598678922807859,0.076784814340788,-0.6828767640702395,0.47181529935862854,-0.6308567286932412,-1.0773760657072577,1
"Salinas, CA",-0.27991777916516064,0.03079322270637482,-1.139569865979299,0.02459673622385299,0.4224883675137609,1.394690700785508,-0.3259841774487356,-0.7315135358337228,1
"Salisbury, MD-DE",0.03151197067080358,-0.11590401992077909,-0.3165036051278873,-0.1864040563740206,0.18481628012403206,-0.14028324186454805,-0.38031184313841204,-0.8612144378731154,3
"Salt Lake City, UT",0.1974778397589824,0.15298873748089753,-1.4867621602251777,0.04085151539217716,-0.5453589120196838,1.7772112092764707,0.1015729372087145,-2.6820387028086166,1
"San Angelo, TX",-0.045790817548203175,-0.08758760626392724,-0.9673563015712595,-0.15022315477963336,1.3503318263278405,0.39654813388289856,1.1879920508659347,2.0352939080685246,3
"San Antonio-New Braunfels, TX",1.657837579245969,-0.6045151046389113,-0.36323729962065526,0.8135869349560916,1.2936709052080173,-0.24963566294199438,0.2716325916637724,-0.0611120993055335,4
"San Diego-Chula Vista-Carlsbad, CA",0.6129376335131294,0.062172299565302756,-0.07355339369511757,2.2458758038303324,0.7736186592631932,1.3254999235089435,-0.7634213482493217,-0.7823881364609133,4
"San Francisco-Oakland-Berkeley, CA",0.2905118024697207,2.271218241314141,1.7833072106601626,0.2054386068810767,0.638242426150073,5.36667026996218,-0.38672679803618304,0.6264298305332281,4
"San Jose-Sunnyvale-Santa Clara, CA",0.11429153463891405,0.11699355690346018,0.2833182608634409,0.16489199185482922,0.40919865877629913,2.549901944351989,-0.321269911703916,-1.1066292982267874,4
"San Luis Obispo-Paso Robles, CA",-0.27781028063073,-0.01963145495821975,-1.1079139722626383,-0.052392120704612466,0.5676743928129774,1.522080928493052,-0.7924876215294663,-0.18436286447428935,1
"Santa Cruz-Watsonville, CA",-1.0090437234679304,0.05875996575149515,0.6748644324087427,0.23222441303248384,0.33363132816272273,2.4206179617816797,-1.64262144776399,-0.3634966866099371,4
"Santa Fe, NM",-0.39367741369331805,0.013301919263408526,-0.7827102394444347,-0.031530852825045856,-0.5648646615424997,0.7750410469992913,-1.3824494663998474,-0.7794336154868164,1
"Santa Maria-Santa Barbara, CA",-0.4102102104096962,0.029226753141880047,-1.2209360794540491,0.18949887126669088,0.3934877744615962,1.849756427984857,-0.35167197966993924,-1.1053190207269945,1
"Santa Rosa-Petaluma, CA",-0.4213193005640207,0.027996051994130487,-0.26100588680367676,0.1264560393232707,0.18032792504608203,1.0536440780029783,-1.2639481113187847,-0.9747659761176175,1
"Savannah, GA",-0.3547517282748642,-0.0028061604031647067,0.1589284459039415,-0.12300717877435699,1.4182598569160865,0.3447757588205038,0.06671909897044012,-0.5163796332800723,3
"Scranton--Wilkes-Barre, PA",-0.16249633722448828,-0.033337068467643616,0.42136972434318615,-0.08034444274291769,-0.969957029541083,-0.3992758794743236,0.29882975478951884,-0.8455342381687788,3
"Seattle-Tacoma-Bellevue, WA",1.9401271443652055,-0.05580238304947325,0.31864606371958387,0.8818232972965069,-1.2585344230957123,3.2771841264372976,-0.9833326938426068,-0.7690518722791478,4
"Sebastian-Vero Beach, FL",-0.7502245318486455,0.05733936237464777,0.17098199284823704,-0.06490655516271357,2.314800875098464,0.7656004111126586,0.97373436376465,-1.038861079674213,7
"Sebring-Avon Park, FL",-0.5373270973362864,0.05387214564301496,-0.3647788558604018,-0.13278968835963165,2.283110649083195,0.18871394797284977,1.3209050525334722,-0.9927531584346858,3
"Sheboygan, WI",-0.6470506920033054,0.07781169634465035,0.3412962249552629,0.028343838133902063,-1.180064599862535,-0.5432611584326624,0.8415357495041038,-0.5082773079556124,5
"Sherman-Denison, TX",-0.4695530112129862,0.03469982272907534,-0.0025882761574041106,-0.055507151258650064,0.9010192644350599,-0.2869736008661362,0.9662337690332591,0.3535356287484202,3
"Sierra Vista-Douglas, AZ",0.04178496746414497,-0.08457167631159979,-1.3000414741145403,-0.16515024053530208,0.9236453529079846,0.3552100900951501,-0.21119586099324436,1.5982703483479468,3
"Sioux City, IA-NE-SD",-0.07086528932197929,-0.07628742025767475,-0.6121966574195927,-0.12365772380231914,-0.8201431807364011,-0.5965767109465503,1.8985454153380252,1.1200677357599984,3
"Sioux Falls, SD",0.1070008335796697,-0.1825906476378577,-0.41006971407438314,-0.21102514856731955,-1.086817261970151,-0.5647799149519497,2.1395081681954644,0.9791336128982966,3
"South Bend-Mishawaka, IN-MI",-0.3636714194003437,0.07479173351289377,-1.3980330030180206,0.009852671555038425,-0.702863395630492,0.5618596640060548,1.0177653557219444,-2.8399512933790976,1
"Spartanburg, SC",-0.5896552094674177,0.0485736752290558,1.7831638823440101,-0.015479870543368184,0.3460095032321432,-1.3550200128282608,-0.9060068937765027,0.37322256844941987,5
"Spokane-Spokane Valley, WA",0.24158307501192208,-0.1730749582056588,-0.7637274415687635,-0.2546151373097656,-1.173371297344937,0.5764556913212057,0.719806369642925,-0.5375082740585413,3
"Springfield, IL",-0.44214298144856484,0.017739763018275442,0.03940741051396774,-0.013553705441771605,-0.44577906732788547,-0.15078559094649477,0.6954314161097563,-0.549389657542669,5
"Springfield, MA",-0.3318543618993542,0.040575754672905015,-0.08916030121001962,0.08201508192314565,-0.8026867022445668,0.9065942952294651,0.47749431141155196,-1.3891045430912523,1
"Springfield, MO",0.3346114356471408,-0.23534548355068471,0.2090579592767673,-0.36542205654799925,-0.289576257995365,-1.0140234125732832,-0.9495242256835987,-0.22173247699444923,4
"Springfield, OH",-0.7716980171700436,0.12847917281334678,0.6003631318436624,0.062227488169554555,-0.488171221338554,-0.53030874954912,0.6835058585023649,-0.5954804805086286,5
"St. Cloud, MN",-0.20465000766643415,-0.08062847939628535,-0.28950877061910374,-0.02530083771340849,-1.375605571586738,0.022701901932870628,0.15679322055626468,0.8374349384051905,3
"St. George, UT",-0.4308456826425542,0.030887591177309125,-1.2669862070952431,-0.050178356812039436,0.21038635540705475,0.8982880228161536,-0.10071126765770035,-2.1019131827610007,1
"St. Joseph, MO-KS",-0.17757176121135873,-0.008547411013009121,-0.3447837572768359,-0.10017850619964713,-0.3713953186360516,-0.9399801663428359,0.8103822043896963,0.9680398118538196,3
"St. Louis, MO-IL",3.422106567346446,-0.7841332446359928,0.3435571774187887,-1.5507437583846613,-0.8426079643742858,-1.093096893366656,-0.22871316783995083,-0.8184509398716223,4
"State College, PA",-0.6189478990530735,0.04316901674388023,-0.48055501400640555,0.12481859229742805,-0.4086107874777033,2.2393699906892173,-0.5963886115275927,1.474241755077806,1
"Stockton, CA",-0.45761996537341704,-0.00393500150858353,0.5182015629742085,0.4608023734594273,0.7416646827106883,-0.0862223824166425,0.3284971611925708,-0.7532065575414814,4
"Sumter, SC",-0.3326802031479857,0.08489093378720472,0.007898059737308559,-0.07049670380818987,0.8742148975860488,-1.1645775972635062,-0.6096375246720428,0.28927748075764403,3
"Syracuse, NY",0.05243652021846815,-0.09276797773625432,-0.28308341592278613,0.023346736292368997,-1.0531635603989236,0.13655547013196168,0.7107390299921188,-0.2645197661536973,3
"Tallahassee, FL",-0.20242748652527895,-0.024144726542016066,-0.5188600114680307,0.05441592230583807,1.5965978898233097,0.24547868425933841,-0.7207670355985837,-0.25289243482603335,3
"Tampa-St. Petersburg-Clearwater, FL",1.7957245899730307,-0.6695326277091936,2.513852563893002,-0.38873589448051044,1.9083694219452012,0.8662316246285139,0.8232150916081076,0.6988526113455861,4
"Terre Haute, IN",-0.1431145447207139,-0.06677933920820338,-0.11281477516866976,-0.16985816029206435,-0.42554852147775096,-0.7863936794270047,1.2650456214884855,0.0097578164449545,3
"Texarkana, TX-AR",-0.11032618185456752,0.04654433862920628,-0.5431116990550111,-0.11570450752351659,0.7604707719847414,-1.4052286840791695,-0.2812051535280274,0.6409662621218185,3
"The Villages, FL",-0.9189769670762605,-0.03179562737097772,0.6891932994632795,-0.11187035359574167,2.356151781079164,2.2336456778245664,0.6939706401117711,-0.40785355730509393,7
"Toledo, OH",0.04014650248548268,-0.09617083036299767,0.1377376400626925,-0.19661403172132588,-0.6400561861172608,-0.5608877057245287,1.2654716175598837,-1.0724415115937533,3
"Topeka, KS",0.17335441518236067,-0.16259951609557857,-0.549118720972119,-0.25144045713600793,-0.21292094049257485,-0.6417788108735697,0.850678884478008,1.012496800921205,3
"Trenton-Princeton, NJ",-1.8162032265734496,-0.0013970924578965635,5.637097395480603,0.14390479084095778,-0.01061996078594156,1.9676138345718919,0.7613145422385253,1.8978098846487383,7
"Tucson, AZ",0.687578680937405,-0.2705176836665693,-1.2175844990853788,-0.21838911157806606,1.6284334861120033,1.1517907194910435,-0.08575720939754873,-1.14227725034447,4
"Tulsa, OK",1.2538738578015851,-0.5571844412251253,-0.4475454337623073,-0.4878844610123624,0.09052413635117693,-1.1068664527262777,-0.06099646028285331,-0.6549270318403001,4
"Tuscaloosa, AL",0.14770658501906875,-0.0775826075690766,-0.6092656354115238,-0.24455563139112738,0.8102850008087087,-1.0311673793264824,-1.4334045836462832,0.39164141033092315,3
"Twin Falls, ID",-0.11110930634884157,-0.038038431207419066,-0.8375484437620819,-0.10361021690747173,-0.8796435260615354,-0.5962543220717312,0.24385776769040052,0.08852933954463672,3
"Tyler, TX",-0.4977866138664518,0.052170758439036874,0.39755384554059203,-0.055455249576981856,0.9617127769263614,-0.6046153102387114,0.22646132761167778,0.03312629350595377,5
"Utica-Rome, NY",-0.068808177942166,-0.048863733268982544,-0.7479033562074483,-0.12128465980898318,-1.2149912734406638,-0.03234386657610497,0.3470352417358566,0.2227552289828976,3
"Valdosta, GA",-0.25423242054667167,0.04883775594958716,-0.45824076759112176,-0.08745412587819232,1.3815501831712251,-0.6451956623128654,0.30550666560904566,1.160048754233967,3
"Victoria, TX",-0.30810131421215864,0.054574728280097407,-0.9324908937997028,-0.07069854170110705,2.178145186313873,0.12158947516089026,0.3720199473332885,1.1660901119171632,3
"Vineland-Bridgeton, NJ",-0.5966268630704126,0.17620757105645138,-0.40017075329141294,0.04425306175932085,-0.04645114498820126,-0.5577253886443237,0.6797414853980425,-1.044339668770982,5
"Visalia, CA",0.09218822472545343,-0.05734777359884701,-1.2293156912981702,0.02981876144203016,-0.19391633073898962,-0.5675044708039269,0.4904367084045608,-0.31531928892073624,3
"Waco, TX",-0.1823774754713461,-0.035186610340128974,-0.03639334112021777,-0.1822856179127266,1.2144735194989202,-0.6409085707017728,0.614825426172568,0.07923063644792994,3
"Walla Walla, WA",-0.5043026999517211,0.03116268018324709,-1.1147679021033852,0.02577410156373087,-0.11357547710552744,1.6936329783671966,0.46867051422201367,1.05354483467911,1
"Warner Robins, GA",-0.7241025291689281,0.14133763029331403,0.9785340478532536,0.029875733320000375,1.0087096738760104,-1.0805869335297755,-0.6191282652926902,-0.18876351782645354,5
"Waterloo-Cedar Falls, IA",-0.2599607100501621,-0.07411416525533072,-0.29481225952504825,-0.10490642988515907,-0.9432555895259155,-0.05390835532886346,2.1392510011880215,0.4827240142492498,3
"Watertown-Fort Drum, NY",-0.29071258893296287,0.01873012442886301,-0.8389789179459712,-0.01708399514929489,-0.8959983344961814,0.4711834691914975,-0.28794939193377145,1.4176029819167082,1
"Wausau-Weston, WI",-0.018181740907177345,-0.11253168025771874,-0.6426473016428015,-0.13484112600726852,-1.4924568431912049,-0.28123492294745833,0.2440839460165935,1.061329670933725,3
"Weirton-Steubenville, WV-OH",-0.7114550715726254,0.12169067370935772,0.541188397934872,0.03242475623731776,-0.5515826374709234,-0.39343384053986014,-0.7720520049765643,-0.4238944198783248,5
"Wenatchee, WA",-0.0034637332902241794,-0.06686262048711906,-1.255143163848892,0.08187937456506536,-0.9145716044473304,0.49635545332430464,-1.009910515637345,3.0957451346580678,1
"Wheeling, WV-OH",-0.513162966608055,0.09930363301678168,0.5718179698280367,-0.027299665291628084,-0.6131286563345916,-1.1626633398447994,-1.534442391595896,-0.5046778100647847,5
"Wichita Falls, TX",-0.1340558177768406,-0.09995114748731684,-0.5499026519102529,-0.20367146096067734,1.00559525742191,0.4531424970650127,0.5825133812767559,1.1811454823966123,3
"Wichita, KS",0.617165088168885,-0.3267105634773728,-0.2495624863531301,-0.3659512730483365,-0.1364788131431741,-1.0176115472499738,0.9464066668652069,-0.05970560173481769,4
"Williamsport, PA",-0.39221130282977346,0.07676162725403134,-0.4953357457907862,0.0431220388502263,-0.7809403323063939,-0.3727508853863171,-0.31740868623268426,0.28957026662106056,5
"Wilmington, NC",-0.5034854638367837,0.04152790880985988,-0.00657472660792888,0.002647985628641727,0.9191202392817659,0.4531045660268279,-1.0531241195949008,-0.7265508488639252,5
"Winston-Salem, NC",0.11983167544272498,-0.1484270860023908,1.1703666636112393,-0.22355131051939364,0.008533865187655008,-1.0859292191536614,-1.9359661599583275,0.19746116289420085,3
"Worcester, MA-CT",0.02720195306477971,-0.14858024092033909,0.9287973160152132,-0.04970763424818256,-0.8334582043476219,0.33740535693994445,-0.26438502072712,-0.26803105711029046,3
"Yakima, WA",0.055568083720749346,-0.016342741293691034,-1.3047956559347607,-0.044245356817622046,-1.0324063449629257,-0.6390565993065157,0.11535589062242961,0.8472701129533762,3
"York-Hanover, PA",-0.5645807076013418,0.06477575627892639,1.4616215107996495,0.14939098388217822,-0.3492267018571718,-0.5636167942678654,0.6373345441307089,0.4416964691958487,5
"Youngstown-Warren-Boardman, OH-PA",-0.08206119707998162,-0.05913448241638435,0.6247526190575198,-0.1575102197669504,-0.8962520529420439,-0.9662990189605307,0.6421944314599799,-0.3698118266307915,3
"Yuba City, CA",-0.398228063112554,0.07818575836855433,-0.4674463340071604,-0.017680981676448587,0.8610009911289058,-0.2157439794587638,-0.06400553734541767,0.4588560971510413,5
"Yuma, AZ",-0.13540134826836264,0.015529310211237735,-1.5226318985528298,-0.1536161826098277,2.3922113606024618,0.2944413160855207,1.447097952185558,0.08104211487530909,3
