Urban Size,Public Transportation,Transit Alternative Fuel,Urban Density,Active Mobility,Street Connectivity,Street Compactness,Cluster
0.06402813159448897,-0.09024460056241701,-0.4000602990150416,-0.5593456355408463,-0.1161663314355373,1.189934613694565,-0.9331075713907542,4
-0.6449442619922261,-0.09250140891289839,0.16406343294566952,2.3463505188850693,-0.38559342552520637,0.4174584163471431,0.11701307322323462,5
-0.260351960698435,0.017480086413760386,0.05169971261075134,-0.6396370043042885,-0.5446476347200345,0.8914042081788284,-0.6528004367424012,4
-0.2452103041385778,0.04960438315285296,0.2654770767322582,-1.1160830884683592,-0.32493839617947173,-0.909080236301281,-1.1681841179056203,4
0.19292289941042806,-0.14494530173920356,-0.25112088544811584,0.40940948229465723,0.719031372027503,0.3760999670984862,0.017240446272147852,5
1.304885767889967,-0.31104420228756724,-0.9585336115928134,-1.0904231238982365,0.08582658115903448,0.11491650856764227,0.6575555777280568,5
-0.1569651790961428,-0.183116681049848,-0.22137441469043156,1.792667309167003,0.015493515097837493,0.7961801300661656,0.25040719294712316,5
-0.7151739516143218,0.06431751421694645,0.028206492626802415,0.14636584276323414,-0.49895106436772396,0.3928942740194525,1.0968062723727905,4
0.3332218530919047,-0.08158656750989968,-0.3022391770645405,-1.2924062817962991,-0.8133395535877496,1.7090123870927307,-0.2791774314124672,1
-0.44232487489680133,-0.09070821245625083,-0.3911295260144013,-0.11534701417149223,2.016417897314734,2.088593117945481,-1.5472827224321102,4
-0.9107905996723604,-0.07844397441161523,-0.2957969782091793,1.1914399655169823,2.8055386922207544,0.408912734214039,-0.16397756713614506,4
-0.6220490113738055,0.05639584193813629,-0.004938665702953097,0.6740417172190474,-1.5512297456062858,-0.31241668883203905,0.8902095291485068,4
-0.46804583231532104,-0.019441323788794068,-0.025552892255170056,0.21731762675494828,-0.36383110193012885,0.9473574445803011,0.22988777919713993,1
0.0727712538278565,-0.1703464127640399,-0.578363956891312,1.1467097633380907,0.04464671912702128,-2.6159798500154356,-0.24417237751275925,1
-0.5673665413220426,-0.022700067635557916,-0.16923162707500516,0.45361193141752576,0.8255126285370784,-0.765327724610976,-0.5161822607465072,4
5.180810836277166,-0.7415862305338192,-0.017413351101913277,1.2074569244662945,0.13096501324993487,-1.6141001126399115,-0.8522568066251319,7
-0.739978008001101,-0.014712493860850169,-0.282661522085605,0.6268269131622366,0.9993504510135323,1.3345784762243948,1.1501888250544892,4
-0.7122333535821093,0.07294227702471304,0.17895371581084005,0.4950627884620584,-0.8431362512232743,-1.4421315165326785,0.39254916414456537,4
0.536923827236836,-0.1794150791728684,-0.6150926004861395,0.09459986187943031,-0.7427273890395805,-0.4857633251476065,-0.09401326297200843,1
1.303407529066369,-0.4748548156256178,-0.12625598601954033,0.7629211396468092,1.3979586072480006,0.007508837989257232,0.24745199175300137,5
0.8663748271600638,-0.19097694059353434,-0.3387754931852078,-1.1613084790007884,-0.8264982456017378,0.2705656821675161,0.42812906381128435,5
0.47183573712418436,0.3753248905793028,1.080265832510202,1.446885931046682,0.8626899305295465,-0.335452787493557,0.19879444841383523,7
-0.10236669265369691,0.022797803560550486,0.2686145975363872,-1.0773117111248798,-0.055310784451704904,-1.7576849667379029,-2.3202556203766345,4
-0.34845179948774874,-0.06964416417238303,-0.6065603189271043,0.31044667665982517,0.7462984862879583,-0.24751058230093806,1.6958829394323476,1
-0.5769203741916288,0.015751700178376588,6.5261281530504e-05,0.27069711299181365,-0.3346702294321607,1.0043998011341149,-0.3471028427456626,4
-0.7024411342932878,0.020331679417728638,0.02483688510857406,0.5664067686707552,-0.4794376063420335,1.3803205029953651,-0.25718379071695585,4
0.21710509675313594,-0.060833241332136384,-0.3113762730232606,-0.29121647122367456,-1.6374093997041246,-0.04207555096729562,0.9750895147729275,1
-0.40258180766305174,0.07129150008501806,0.12565998329020506,-0.16025668284314895,-1.004496123580029,-2.077553116501234,-0.2876785102265917,4
-0.48657128464080224,0.07462353466487612,0.09981681770998127,-1.3839501636755789,1.1150818003857481,-1.0815694469852173,1.0393448486849837,1
-0.280734252214403,-0.036007759078168895,-0.33719444109319685,-1.2529129658716114,1.7707429036133608,-0.04779906297269412,0.7367467550896434,1
0.1641412598818169,-0.03517931600944613,-0.02365801319411076,-1.4307350195612552,-0.16083824892519194,-0.25943000063711275,-1.522456685033425,4
-0.45524980526097447,0.01210067287190087,0.07082781126458014,0.17746971009438361,-0.005108685037524693,-0.1349833419155693,-0.9208023696407305,4
1.5744710997472517,-0.4294657175495479,-1.259634124684716,0.5722901293960463,-1.005241262161369,-1.1282309224228848,0.3386445315576527,5
0.1421057214420896,-0.030151489135239712,0.3027643355946387,-1.4497622460733193,-0.6890205695040833,1.2619593753206682,-3.0806606902526594,1
-0.41106401009803106,-0.051398473499094516,-0.22147259390731086,-0.059910173629352366,0.6496316440425836,1.625831956527708,-0.5682999524498727,4
-0.7026224969124929,0.004086696761511485,-0.12136601862395932,0.13188531273093707,1.4821198387252834,-0.6955958881683758,-0.35249412921741474,4
-0.6088387052304495,-0.003270671695351071,-0.06682311729950419,0.5915675891462396,-0.08032606947678333,0.21849891063496227,-1.0596307575329904,4
0.9288058054325059,-0.2497118386001982,-0.7266488078382387,-1.4563445632518883,0.552659451064916,-0.4519920892490606,0.6658028048579521,5
2.0790150313736007,0.6291409366570682,0.4354815949244083,2.0711132179959186,3.061342309918844,-0.12357155256734197,-0.43421943604242796,3
-0.2821234630576356,0.024294771150732794,0.11274695181224598,-0.2591415725037314,-0.7646536658429612,-1.051783076696409,-0.887205150199295,4
-1.0654128909280203,-0.027531367507490016,-0.22877869970964115,1.4063099196334625,2.7175928748392324,-2.026253805653603,-0.10323219106523134,4
-1.1264984528598156,-0.18289513733057344,0.07273204395127392,4.050454906538103,2.274729723894344,-0.3877785464780955,-0.9610631539528568,5
-0.35365042339755814,0.019256795507499563,0.0550017970149765,-0.3868083126574994,-0.46222712723249687,0.7708876777627889,1.0771959733405139,1
-0.28997732069415844,0.037887835527245846,-0.02164553894793615,-0.5614322878496187,-0.7129765125093179,-0.6293790083175654,0.08713762839661215,4
-0.24553031720380258,0.05875407842732952,0.696162056949021,0.055328714062871265,0.16972927273320446,1.1221679800028885,0.68013305243605,5
-0.8458883692732742,0.0644009313204144,0.21047299899403535,1.2359960347720074,-1.3512025233082008,-0.9099340744446017,0.3083568871765107,4
-0.5204705732609824,-0.007640084990952409,-0.11058721221358192,-0.27847545947296953,1.7013800801987098,-1.4407516499433095,-0.5771551367122394,4
-0.5205454351874494,-0.060164728607811,-0.11900339372054347,1.2393791240135097,-0.3726529219559834,0.7166855187212002,0.4748899303753474,1
-0.056512129822534535,-0.26103069540419693,-0.6207660023528514,2.252992000593784,0.20570963673863224,1.050773556037494,0.6860111601345706,1
-0.29182964498074554,0.03349682178962842,0.09504318488357405,-0.3494882785534701,-0.8266517449638061,-0.9295765524628765,-1.0759501219350613,4
-0.31513516360861654,-0.014482496926976321,-0.35701097608132015,0.09730573687103737,-0.17232885067898032,-0.7983709063592829,0.32843289735332604,4
-0.04376273208067839,0.036282932381794,0.2662886349599121,-1.7875338038602964,-0.465740478907431,0.42749249779509724,-1.4481609620004856,4
-0.1344308288845116,-0.07502447007268724,-0.1718990790808261,-0.17430779543181665,-0.10931869441093864,1.2114700895096058,-0.7010914220677225,1
-0.5872392112772481,0.03153852822541177,0.14555510131403349,0.23739194907298075,-0.3965587874287685,-0.37905396528644275,-0.590712553637573,4
-0.4311119527835624,-0.10949125721087932,-0.5767400067295906,0.1150224362540417,2.4831948417375806,1.8876632550116463,-0.9165319122344581,4
-0.04433129064719747,-0.010852138062886329,-0.1096703906427915,-0.18477672005341045,-0.5264758254583827,-2.0149668950934108,-0.9514891429224583,4
0.3869585982411162,-0.17446034133679134,-0.3768510943609674,0.10724475678431927,-0.10514597953315263,-0.9246211775480311,0.7280270257295434,1
2.6375438110902962,-0.6616567630472375,-0.9802400913919329,1.1527645924607863,0.07444592811468466,-1.2054926912980448,-0.2551122530199954,7
0.03129805785432071,-0.11017593712832444,-0.1976995436996321,0.6019713330741736,-0.5958091368682076,-1.2332524614994278,0.20332159329616806,1
-0.12606144461385824,0.021378339656336523,0.14274221887955413,-1.4191171580543198,-0.5077953646867138,1.2139281430710829,-0.8173470302416048,4
4.62095869914185,1.7763410626028677,2.2349710517940258,0.3617045705963534,1.2087700703052835,0.9925833825751739,-0.24073833281160334,7
-0.4051653897810264,0.001966766696768124,-0.10158395688489386,-0.2994315648941843,0.7158809070636669,-1.4757408833432957,-0.15653689192477202,4
1.0511513243603077,-0.28651201928417414,0.6922658426865526,0.7284633333090158,-0.3367490970069897,-1.2106409515837555,-0.2893584139198433,5
-0.1014160985785347,-0.020834726558055752,-0.010837183874980989,-0.14462611981002838,-0.8816202334485327,-0.9431304336752324,-0.5614983505868049,4
-0.5508105069296318,0.08317009779998963,0.26443947145513663,0.014151942876203888,-1.279056585801165,-1.0178037594137261,-0.11225565544888623,4
0.2642208333627476,0.08787605522880654,1.3423100886435795,-0.07104557334743918,0.13923842802379277,0.44577957655288775,0.755081725700703,5
-0.38745732648202114,-0.008604145604921065,-0.04801574511856846,-0.15390876475177495,-0.02652551155210996,-0.2726237240232777,-0.45030118811802344,4
-0.21068611208555116,-0.011854350005551663,-0.11442096192676857,-0.534494878597084,-0.018252523552205326,-0.24797881678201894,0.14896792030646738,4
0.15549877291834813,-0.1723312465034612,-0.35036975922720714,-0.07225311070474486,0.745616473111205,-0.1354291015339726,0.9890804146207798,5
-0.28728276209737114,-0.02620724960401554,-0.1389209053101215,-0.07738453453797998,0.13640329681928226,-0.8285965970023426,-0.6505130443008462,4
0.7769923798318976,-0.29625105055041534,-0.8137569150546915,0.518021692547275,0.005395369680124505,-0.73750687578731,-0.26582077167779583,1
0.01253240702962665,-0.052758581573022226,-0.3031658282781696,-0.4497010886366738,-0.11059593490067758,-0.42360541427255827,-0.020014098309698573,4
-0.708050026658749,0.03686606276763007,0.008242699841889954,0.2593611600626086,-0.4900391563102225,1.1668224284163393,0.4315487001174142,4
1.2535562612971831,-0.3889108749088014,0.20949950196980263,0.5060770993595228,0.18183381302961713,0.09351587526119404,0.11971724444370577,5
-0.16252922414652599,-0.01849013368262816,0.021456586067344068,-0.4995157172644572,-0.6978896450523648,1.4179571654107321,0.9957866450415149,1
-0.8322733828314443,-0.02393092481847055,-0.3618402233327387,-0.522934238442278,3.8914943339918704,-1.0910783403146158,-0.2638083962394924,3
-0.13438097954303954,-0.020343205493246936,-0.21955085533818355,-0.7081735481979772,-0.06631295443430006,-0.5418238047299342,1.2253376676930021,1
-0.5955953440286772,0.08775717956827826,0.16280836761184345,-0.10625068666304452,-0.6958672589450737,-1.405846043432415,0.12779782977189247,4
7.309610726573905,-1.4084199261369372,-0.19798236528607494,1.224500571843608,-0.5505095626251467,0.7314218457767275,-0.44548566026702036,7
-0.6142245862831963,0.11016695217245405,0.4344466137402101,0.21077746936620723,-1.8148270841637877,-1.36475377571845,-0.19369115571425452,4
-0.44174496364220495,0.019142359025905435,-0.027745204795583095,-0.16853082323980578,-0.3739057563412825,0.7432296609917369,-0.6424045538145704,4
-0.1898659602442031,0.012098561369005632,-0.12938746136261897,-0.6444702706155019,-0.5961298457195705,-0.9747801713687043,1.0684484436814048,1
-0.025733677991257017,-0.0773657581513421,-0.15299710203053585,-0.075275037259744,-0.6076431743720562,0.7833792437842593,0.05848680856917361,1
-0.2979835568674889,-0.11497883675606539,-0.026141053057545785,1.9140924775077288,-0.32540349106161254,0.4737631791983079,0.341176622657383,5
-0.29979496225406105,0.04850361446311829,0.1735969259822528,-0.14319674339997637,-1.7503931017660213,-0.39783327938594293,-0.2794779576780933,4
-0.6173432259022194,0.03575987008254067,0.01701228746051435,0.30886082349002064,-0.7188937847772744,1.1273300343546844,0.06877180422002967,4
-0.01720893656888345,-0.11262842193474273,-0.2108572417449583,0.06742828881700239,0.2428193883925604,0.35139513800843086,1.3675255939778979,1
0.3975936243042204,-0.1969077133900355,-0.37883493915235866,-0.05695753344537176,0.010321500144716451,1.1866755333723018,-0.27207774128401496,1
2.4955013199768272,-0.5651168078773997,1.3837335931129404,1.9372570388489323,-0.6645773070475575,1.263065919760689,0.05207463746468094,7
-0.1318542149827394,-0.002913689715774534,-0.08671604357043597,-0.2909453398056815,-1.4148705534323793,0.6128404500449764,-0.26816345584115486,4
-0.7112457613550579,0.08964116586294266,0.42404575003631806,-0.3044320883230587,-0.45490905042616847,0.07034752849039642,0.7926833175503626,1
-0.6331080369478578,0.04491998910755449,0.06724285434836205,-0.08190786555644561,-0.03939101190200169,-0.029602321908376857,-0.0753929046848098,4
0.8192554303916197,-0.1948481239954939,-0.7586910766610857,-1.1952170618503544,0.16284132789089945,-0.887466011738645,-1.846157545977396,1
-0.0717776934386005,-0.1420071454079645,-0.3416615819313691,0.575294710324519,1.3497491887636006,-1.298119037309812,-0.26519017173776643,5
-0.7736821840050128,-0.012045593337625265,-0.19384569727072837,1.5481862777849198,-0.06245960050495392,-1.0531489429744925,-0.177172648091824,4
-0.23858031274521294,-0.05561006792383921,-0.20954724760409849,-0.19807012215370673,0.23976851600582058,0.6260743199767779,-0.9520518280339503,4
-0.07337436852980032,-0.0012094753174402562,-0.04975982897429254,-1.644561026694082,0.2758423938761049,1.5373109120000639,-0.40292907873155576,1
0.5468422109785391,-0.15099493324462013,-0.2622521209284415,-1.06607198248068,-0.30423266493395584,1.2974316891940234,0.9991819459624223,1
-0.41208544210333387,0.05353436047110732,0.22019951444892633,-0.08985137056404317,-1.0211286905259296,-1.336500360083524,-0.6579539239649264,4
-0.8445220703057043,0.017094852500724463,0.038536980694054083,1.3529411273507956,-0.7184482184908108,0.4871373469357773,0.30350867076570864,4
-0.7178129160195321,0.054450122755355074,0.10689118096180965,0.23368192020151782,-0.3139020783007032,0.49514462192856723,-0.2074471158989603,4
-0.2803977376209287,-0.007215690744139622,0.03223828434141156,-0.5464818375823988,-0.6020531816197344,2.2266256118472962,-1.2949170505126115,4
-0.38285001211321906,0.027807219422351512,0.025259329492065195,-0.814732313105227,0.0993078856589412,1.736682015076283,0.8512334246158422,1
-0.06843276826182623,-0.06714572057676767,-0.28175660298051286,-0.9475723357734565,1.9547628322406725,-1.3656471226091795,-0.5518256054789662,4
-0.2601805634949794,-0.022524708896867557,-0.06651531926664347,0.33211201026781123,-0.9363603513534352,-0.029766261029741125,0.11781620308310325,1
0.035536595027922266,-0.09533038556058702,-0.12294350452689716,-0.7158300912943002,0.1076731832680951,2.3406930305045637,-1.6976739714550977,1
0.28501626591808404,-0.021936827328079646,-0.05730457570758776,-1.137282423594526,-1.252256698719641,-1.2551945391464057,-1.8780361992231698,4
-0.196174703658209,-0.06665460927775413,-0.13570569540471558,0.7787092506534914,-0.4870067867016032,-1.1984176162142528,0.24412539142234457,1
0.23356993233056833,-0.1453694600653134,-0.4160304583191552,0.3466056962589268,-0.6531951067787375,-1.0724487157765468,-0.02889839828931108,1
0.5596125453910128,-0.18892079766788955,-0.3944192185029796,-1.4739270576599683,1.876154423572019,-0.9813636603016682,-5.163264049927865,1
-0.8778932923176045,-0.003900281832460599,0.329545982335474,1.8875673755184796,-0.8795624116688594,0.6931787558924637,0.27979727090090256,1
-0.27219897495067535,-0.00332454674631031,-0.1390402629258066,0.45091078606873214,-1.2616798952485209,-0.8325834075942483,-0.12794237418023713,4
-0.2871712859257959,0.021605492594216562,-0.07085119603963215,-0.07269551994009063,-1.3179779939974137,-0.2714821666453965,0.38245939271834284,4
-0.5072577652056512,0.033392509627700115,0.1421503518779329,-0.10849805782493101,-0.540103987196755,0.3180642568193271,-0.7090267965835537,4
-0.26996696210159743,-0.07339225014209905,-0.35848155363790135,-0.8845615453883361,2.0069187675101445,-0.22027387292389053,1.0844683568682334,1
0.03285234333483814,-0.03421416578211078,-0.1804534847005736,-0.23633707561178355,-1.2130704867181747,-0.6279407815822202,-0.3402294665122474,4
-0.5134472914313553,-0.03735503420324908,0.025682662823669156,1.1762973214298218,-0.7945785849480476,0.29156766201522766,0.19742885696177315,1
0.5490408449129107,-0.14497974944145198,-0.12468250552412173,-1.0700647309431102,-0.22784740869425574,1.3126706772195478,0.7157095664141859,5
-0.6445005009055016,0.05255984717384999,0.0963077321719949,0.8299602514870112,-1.6682930126244258,-0.006319092814764132,0.032853735292973696,4
-0.020821860410554817,-0.08386994192824743,-0.5388968206775587,-0.45734481749824535,0.8854397036179539,-0.05046069241514299,0.3890573728666723,5
-0.9246747285285288,0.041379478764460895,0.16826581089245773,1.6326684600593884,-0.8517003465103613,-1.497565045433736,-0.07794689827611259,4
-0.6753614687821032,0.01797462905764287,0.10375940695557144,0.5814510790921259,-0.23350250725015192,-0.14749354333738432,-1.1067267013289408,4
-0.28294384483900453,0.036627932402701256,0.11492674226020112,-0.5525589811205873,-0.42550476365440476,-1.1779926821103885,-1.0239594292755965,4
-0.6677989094097014,0.08781171454241797,0.25573766445995083,0.44382832109112275,-1.4896961887300506,-0.6986825734928716,0.11656774047660777,4
0.2963890961843931,-0.15487190516808133,-0.1395509552353295,-0.7393588586820654,0.1962800558392617,2.457456242187224,-4.7198461473517614,1
-0.08122928903627165,-0.03488375686921348,0.007109339584353447,-0.6412588367420813,-1.0085804135568894,2.5694731254708003,-1.7676021863201345,4
-0.30345340086060707,0.0352288471974473,-0.04419422678812379,-1.4684051889489553,0.8211993419704097,-0.6447708731244458,0.4996325363825478,1
0.24182856818224407,-0.19961641802803154,0.04383702134517013,0.941163525574142,-0.23621112135236252,-0.1806496428515812,-0.3848167606506198,5
-0.44765126348114387,0.08997738887583968,0.3557060325067942,-1.2432205547582227,0.43853026142906226,-2.0821148777220073,-1.0865638048027368,4
-0.12352653989247821,0.022162450318530157,0.22056408139311928,-1.4433007601873917,-0.24995784336812574,0.8730334564844119,-1.6820369817076357,4
-0.14943029932059024,-0.07222495567961507,-0.11988966383193725,0.14690187181892822,-0.3902435706687638,0.41397210179421834,-0.6206931662563717,1
0.039376623257389276,-0.152126612683564,-0.09880876069890764,1.286721743863759,-0.6443096667299556,-0.9161881766925867,-0.1957634954523975,1
-0.704179632076412,0.059953082792828,0.10723755602670154,0.317337045387475,-0.3270343963393792,-0.6407331020066952,0.47286047577860546,4
0.6147660320114854,-0.2938631845225681,-0.5539241784908517,1.260829254436378,-0.712906590063961,-0.8125449027633319,-0.1389975650927186,5
0.25359344044038534,-0.07982043712491549,-0.3972031775249073,-0.4471052824672177,-0.9485333803697337,-0.6922870807343415,1.0173086593651273,1
-0.5454812286251984,0.010953257789373432,0.08185252294788684,0.7566623260885998,-0.5600890974077248,-1.3802784449504741,-0.24895617448441895,4
-0.37103605044693966,0.028874420033126097,0.2845613042507756,-0.6401606683004334,-0.4443777468813664,0.8788888232447251,-0.9844114420767254,4
-0.22553416495267514,-0.06167825028346866,-0.3459201224967607,0.9032759771592593,0.5408664893141458,0.4554031010586866,0.11727392743472265,5
-0.3259276647627942,-0.13095938257841327,0.4132668436642758,2.079667049274498,0.33283896076978187,-0.15481638930608807,-0.3226598531754782,5
-0.120228573262745,-0.018282296136761883,-0.24384712531098685,-0.3006629575155943,-0.6449959447410624,-0.4762774279760857,-0.17347899187322363,4
-0.1569225869522092,-0.04198111612267689,-0.11401918778342243,0.7968547724476631,-1.2856697699646626,-2.253818989175988,-0.1010390269252468,1
-0.31758192286061426,0.005388453341798608,-0.19375801319401753,-0.43439408698038195,-0.01959017371496192,-0.7731932258891723,1.0942538960822006,1
-0.4489966304110541,0.06735149201800195,0.19751861331093482,-0.33209738817779066,-0.7335407056529798,-1.056161333581678,-0.8019928336558674,4
-0.5490621002740219,-0.03990710706837396,-0.43808332883225465,0.8975462870991013,-0.10804169165252417,0.13878678414064416,0.8958391780197341,1
-0.5832025192598136,0.03985421870649135,-0.10072524731252704,0.656132709918886,-0.9683220254844516,-1.1251117398199242,0.34750514540820643,4
6.065952868882032,-1.237262146380036,0.7193510177002886,0.252226051537969,-0.5169394491282425,0.36348122269002064,0.18054630456758974,7
0.10112925413278176,-0.05218712669651034,-0.23702360948201026,0.18938522849241454,-1.2324656893975579,-1.8046146164457353,-0.3632860193103348,1
-0.08032273322771719,-0.1118094408519345,-0.35966072749059436,1.0913043433359304,-1.000386249711226,-1.1706114282076427,0.8540062975440741,1
0.023703772922484753,-0.0181661632902614,-0.09106609315599118,-1.3838776379548436,0.24989665800498032,-0.4252825254136274,-1.1716679711315243,4
1.6122682637027204,-0.550618384336355,-0.053726559306209454,1.1812462778045563,-0.3130058229765296,0.11977819129562965,0.07925176157003386,5
-0.5498379563411062,-0.0651849903286659,-0.35778011060446274,-0.12584092077388362,2.4589150761687404,0.6833118536974159,-0.9151697597257356,4
-0.8983180993902133,-0.10728837445257633,-0.5993564096791442,0.3944621059598878,5.00229852124732,0.22569347456594321,-2.006437708884982,3
-0.4604241657652505,-0.2738644398677184,-1.3399117182375821,4.176426662552432,-0.860454559371963,1.2852234319446572,0.03903279569834252,3
0.9643490052065413,-0.22134045601837882,-0.7964651489437469,-0.3271050459676663,-1.412494936638491,-0.9989990205099966,-0.27262878082057435,1
-0.21158345188297067,-0.0023321982114026217,0.0297222922571444,-0.1690935111408301,-0.8117742207395634,-0.16115965042135272,-1.13004076585255,4
0.8994003454841529,-0.303720776671158,-0.12028530050287484,0.23518462678428598,0.24507205399686838,-0.23381753972950214,1.0251772702870439,5
-0.673649079844798,0.04881368802961002,0.007081045935040803,-0.09806298045786385,0.6756693412636644,-1.6547769054979367,0.6217715549365956,4
-0.5630976366984843,0.0104733500854602,0.017209236332619407,0.26104194471112063,-0.6532334197291659,1.499377512090054,0.14919966467749315,4
-0.07561242531415852,-0.0034902935749084804,0.13140254813745578,-0.3773261660614727,-1.013127551500091,-1.074002708808268,-2.0966352756436355,4
-0.5893790149638931,0.0400804351521277,0.09046496972593074,0.6492995248242313,-0.8982768911099442,-1.3357199724410016,0.24829772726225413,4
-0.6424795794655163,0.03534666969032221,-0.09667400636905416,0.4149847252520598,-0.32467341265901456,-0.03937486062173211,0.58650388630712,4
-0.248194498659431,0.026188094471268644,0.09524942532503891,-0.06504117982447673,-1.3834301716389172,-0.7445140911933161,-1.0245100860053282,4
-0.29489772066215636,-0.03979782408822009,-0.2804229008773933,0.39834083653023344,-0.773966646787329,0.6067392351885741,-0.026742816297212937,4
-0.5840382294677892,0.15144140732183697,0.37877434760506334,-1.8335586576233758,0.3878907453476066,-1.112370888003492,1.4528571813703908,1
-0.8206177464259877,0.008234161070518366,0.05634091038770839,1.034474994537198,0.07285159426436581,0.4880095240103527,0.21642314723192776,4
-0.5626687409535722,0.011009241558334867,0.011477808606949427,0.032327056830090004,-0.07355407955044327,1.5174206570128694,-0.5834926481890839,4
3.0335371605865378,-0.7827866669689536,-1.6570738512837013,0.3668532034352225,-0.20354751661870057,0.486784067380946,0.24073608874227442,7
-0.2579653827075878,0.027216090872112672,0.8737328585082007,-1.3750171943051268,-0.26517594642391756,2.4290922819394623,-3.1547416222475513,1
0.02800631925184973,-0.06333814594217825,-0.18668693596539543,-0.5651461778631814,-0.25646589839209405,0.49611321513114304,0.4632883130361567,1
-0.5608930395837562,0.0022309916403255208,-0.21720760836035294,0.10846456304026246,1.158149236633903,-1.8343441333589199,-0.09563383028328809,4
0.683133805262711,-0.25494210574966286,-0.5446997622275682,0.6729310647203,-0.6503809740306993,-1.3180725113301615,-0.04365822081657003,1
-0.7864027825225351,0.03616997778105947,0.08953910320260819,0.6251898858342886,-0.7371683655853308,1.7416845546724893,0.05366133124474434,4
-0.5008980010883365,0.02254216486172051,-0.017546510125285603,-0.35326548218335824,0.28149772516536015,-0.0029034629126560682,-0.07495353352329702,4
-0.3033199868255543,-0.05694848557409981,-0.22225492743968422,0.017162285695937973,0.6114664078463463,0.5050068088711961,-0.9595860704138166,4
-0.002295251171861315,0.04146923002479219,-0.01872303233861713,-2.072199134278703,-0.18981151017152978,0.2825327033621622,1.207076349707132,1
0.04398590401729972,-0.08324728427930521,-0.11984671654744798,0.0457352299323345,-0.7563532326359665,0.4009324165213381,1.4488592100031554,1
-0.6738923986936652,-0.06287952377413433,0.08620799199288419,1.58638411724363,0.3160039786717001,0.6446623826733929,-0.4177128543414568,5
-0.2744780265118831,-0.05460349334407735,0.09871247139194506,-0.1855547922899359,0.6498949026304482,1.2912557254485368,-0.16626825297162345,1
0.1304617214922108,-0.06896701842830016,-0.15260366579132156,-0.7850058894583898,-0.5388402928462527,1.2834274920950486,-1.425190732527968,4
0.8734265891092536,-0.1393967145380737,1.201716744102598,-1.5724052850622303,0.10387597466135583,-0.2810355944085384,2.4502050315956145,5
-0.8049155410641168,-0.002116662969234227,-0.10439679634012529,0.4731770106884545,1.0952035549543289,0.2971829389121813,-0.2878072227255145,4
-0.23955857431878833,-0.08693106116894883,-0.4599730762242151,-0.32414277721261103,1.1530596820320924,1.4328706560540057,-0.9699127998046815,4
-0.8684590453709935,0.023498363157338796,0.03123322405443532,0.8664790008878147,-0.1353312976675209,0.9526577418585799,0.24885331028051838,4
-0.33676222747574247,0.05256923678594369,0.22629080234492993,-1.1923604580093947,0.06019277664219081,-0.22496489593447092,-1.166871361312709,4
-0.7711583104906631,0.06779117101017221,0.09484491388673465,0.35981513302953827,-0.11347095150639348,-1.2638307274790126,0.16467474996417938,4
-0.3982262542616142,-0.03301971351326454,0.09969602811327645,0.32960900239020435,0.14380635671657452,-0.4555219154021411,0.6374787129089047,1
-0.7514260741174617,0.03336101797564693,0.014853536914675109,0.7037916335711061,-0.7347327839380711,1.3234485858551965,0.2021784163948633,4
-0.3045291838995152,-0.08335175482124486,-0.25035557529478075,0.23611014452329598,0.12347780128458616,1.900099407561606,0.3350998082376045,1
0.9458332790156972,-0.26911286751769703,-0.8789977716700612,0.24300317102137786,-0.9904403344080526,-0.7691732994167223,0.040206934451340395,1
-0.38565988878164065,0.023484732024411405,-0.014525566778051266,-1.0420451693365602,0.8292442069899437,-0.3272357774562939,-0.28695734969203596,4
0.101958800720131,-0.05410910291082373,-0.1899447245328912,-0.32690594124648586,-1.2094482906344342,-0.024988353080875287,-0.4520688387327839,1
-0.4481667407070936,0.10997780197163244,0.4058312436239524,-0.8917386987324828,-0.8685437498984012,-1.3361664012999115,-0.3782495448599266,4
0.2132481514332964,0.7998165092758859,15.67596107996929,1.1181043266999495,-0.44387390744823774,-0.04163160085779797,-0.9921738335832424,6
0.6238427770776058,-0.2356369255707761,-0.09512797603842311,0.7353485532489037,-0.2606889846226765,-0.8751964438672951,0.2038961801016952,5
0.15933412423696838,-0.12217768227142017,-0.4354968643282453,-0.19647081811866957,-0.5624521564345116,1.7260982104942357,-0.4077820000010375,1
-0.25073676054375876,0.023157619336411986,0.011183262872228346,-0.32127589617509544,-0.7911082639099043,-0.36690128261842697,-0.0771859764897912,4
-0.22916268067471668,0.010089361259896526,0.09130263818965761,-0.9835606922855176,0.05402415319257798,0.17488210605555493,-1.131523562448113,4
0.29638492991030285,-0.2433641081085217,-0.8023830993811871,0.17622197966588704,2.0364187331947257,0.5313221165562616,-0.32087935723084365,5
-0.6348864628742831,-0.05769954236470815,-0.03722204488120694,1.1631331782737218,0.2079875152446607,0.3201876371624695,0.3302684842037122,1
-0.2696460375943176,-0.046069220204909736,-0.288721911649303,-0.5009667719802067,0.8954767470627552,0.07380184444261784,-0.7491784957266754,4
-0.37299162101457817,-0.04057818743644566,-0.15725742993618788,-0.2133988368718743,0.7521255042307796,0.4806150513842534,-1.4909568823757642,4
-0.6971299390023673,0.06402216099764058,0.18171373041449324,0.6258177929632336,-1.224479529979222,0.08846478033355114,-0.08624207686025201,4
-0.2144107919457288,-0.12329202389911131,-0.13296910660596445,0.9807503453856506,0.029313732346003565,0.8645141504064997,0.45373723844284736,1
-0.2812756828719365,0.014151155068859028,0.07006635569072847,-1.1016775610577372,0.7137602982211622,-0.7199301801983092,-0.3923511494655886,1
1.1587753675360641,-0.26769391154273137,-0.39424582256383855,0.09363585637381029,-1.2048524610983706,-0.3358426786685846,0.5368222243126908,5
-0.3358865529404966,0.031503693447128805,0.10071922497252128,-0.8312848815493075,0.10589330444313362,0.0064218900659598855,-0.02108112805772391,1
2.02140557531683,-0.10210358986413001,4.36946689628388,-0.27227706029716636,0.13033840746346304,1.3270508193076431,1.2429967158451625,7
-0.4567159500885088,0.04360731929274842,-0.12567108089798584,-0.8075339787774389,-0.44796371179061617,1.8510311255324223,1.5649326394598906,1
-0.2663318764411782,0.04098046471411583,0.10935292301089712,-1.2458739805715369,-0.7601085363691658,1.8263321228095044,0.8014732061808445,1
3.311134734539661,-0.7123013354483518,-0.4496376484180876,0.8299012414168799,1.052606379940262,0.4069187876830961,-0.33189930867230105,7
-0.28868105737403554,-0.02288995218984257,-0.02255447323178625,-0.9584402058775183,1.5480423165802417,-1.101440869813482,-1.8330037283647118,4
0.4274624094933758,-0.1288116050150408,-0.7060287699307901,-0.11399239854699186,-1.0480899292127455,-1.1418372077396552,1.3261406734474182,1
-0.41565923981638064,0.03088153335510773,0.2997235035931488,-0.4558746999092358,-0.4593377837188933,0.5291145735347921,1.423894249650143,1
-0.7833180366097015,0.182264467320179,1.0151171727680748,-0.367513501752168,-1.375151644074353,-1.726888195270921,-0.9470226203580099,1
-0.6569319460148199,0.03030153310770553,0.18438930962988964,0.5792694065556279,-0.8725712186460449,0.6276286457187747,-0.5381960881539992,4
0.12876341732269186,-0.04856961545702693,-0.2474645470772715,-0.29772917244711905,-1.0754409121928563,-0.9414185633129497,0.44314189777812285,1
-0.5698450802933906,0.027991874841703845,-0.09096497693456271,0.20568475299046793,0.6929213527770425,-1.5688533350417482,-0.8673672805399952,4
-0.3487646891736722,0.14267308872367368,0.47733490242078513,-1.7532035307487563,-1.0801905368186875,-0.749334435670955,0.7542449837037539,1
-0.4644874932525049,0.08957828030535031,0.14068320485650254,-1.337349277588748,0.27586515518790494,-1.2084582912197528,0.9567389371518236,1
-0.8423991163750659,-0.007792505833576914,-0.20147453604952698,0.8865874978993897,0.4073047621826546,1.6470627088177194,0.3461941493446997,4
-0.7102851059223134,0.0419039785662348,0.11811482985072846,0.8375307307130845,-1.3230497876480567,0.9249233843605343,0.4015144308341628,4
0.29270018918796586,-0.19049349327645781,-0.7060712072466631,0.6564889289766562,-0.42235704445970534,-0.5145769580315582,0.5992970642996724,1
-0.6880203558138716,0.08777466849073955,0.11014008082205559,-0.9859168882338456,0.8048028529668778,-0.5295558520267579,1.2877195054517316,1
-0.36066351986858824,0.029532846439921875,0.10467679212814471,-1.1870544232584985,0.699692579357598,0.1778912233748247,1.5581534853570551,1
1.535123997404643,-0.4642285701697295,-0.2036644576087901,0.5100246784555545,-0.06828536517039967,-0.9866030448284498,-0.428374976854654,5
-0.33630933520571993,0.09174464017433025,0.24381969924833444,-0.9557171619719278,-0.8511079755579326,-1.4537051455765553,0.04123424300415118,4
-1.1765901684080209,-0.08137197367883313,0.3947782864312869,3.9083278854989567,0.5473526164503946,-0.12788625130351297,-0.7287816270712508,5
2.2636884149182968,18.18712608981987,-1.6509314683704055,0.39129325877786514,-0.5864145115378983,0.06767478668342675,0.027219282438457393,2
-0.7309954914614127,-0.006178656721000472,-0.13823194756737267,1.229528980695072,-0.39054736424016623,0.39641048499901066,-0.05155085848388289,4
0.04646788383308373,-0.18686091013958486,-0.28540780965257073,0.9112832402790989,0.2872473917152999,0.6816502536393165,1.2869798715530036,1
-0.7385249115928041,0.0119855000347606,0.08971114154519573,0.7614431878655796,0.21855234635192203,-0.5715986413189829,0.04759893694544583,4
0.02038291184284307,-0.14047115317677586,-0.692775664151638,0.5786826284549875,-0.3632467966510014,0.7888462198672992,0.9247077628779632,1
-0.6689285319784023,0.053870366755818716,-0.19191466560502463,-0.6961105728513788,0.6053313062955027,1.292374464082374,2.2820886418952844,1
-0.46474736710578635,0.06113051106914773,0.038708323613283066,-0.8516574807272382,-0.9129690393099283,2.2779985493896224,1.820957258939457,1
0.15391764528965207,-0.03924167831408285,0.050612016875283626,-1.7294319513346195,0.2053634560596566,-0.5045282852847099,1.6035638764879003,5
1.771518267223684,-0.4871086831350686,-1.1757031553042494,0.35040421742239936,-0.6732803658050832,0.3081094397165311,0.10725279503422447,5
-0.7229222203459683,0.005116552076291467,-0.13184651572761152,1.2397864685809397,0.32443269198866126,-1.5306308839603429,0.2856818750182708,4
1.0185591716752198,-0.3390557199265164,-0.9163001205122612,0.0617156926785046,-0.16832278808809986,1.5591367463641623,0.3668051947829112,1
1.2116498902288535,-0.39116671256999636,0.7909854492572028,0.39074202123564794,0.12276185120800767,0.4299821304262931,1.0349472131585717,5
-0.706008196671261,0.03472215145261846,0.058346301507508504,0.20932201805522221,-0.20841580095737955,0.7983100830762174,0.7536964165741697,4
-0.4635038520038959,0.06691045876302025,0.24134896929459082,-0.22807823048449985,-1.1862348025063785,-0.121639969525779,-0.30038461032273106,4
-0.35069840643821887,0.012176509321304319,0.5658229460628451,-0.8395843758679048,0.20220996498055915,-0.15446668675049444,1.808697279810466,5
-0.2220228054797227,-0.06434282440603556,-0.04457351236754839,-0.0005476806670710473,0.047424211767503936,0.7430956003223356,1.6628129586100233,1
-0.4791598105239131,0.059387814725805246,0.00958490440252246,-0.6094784399308479,-0.5516539887944962,0.4713260917557432,1.7476144947579637,1
-0.6185807634366699,0.07831200537236782,0.20584410464374842,0.11663150232377383,-0.8824831390255674,-0.8002566386533433,-0.3073688874267164,4
-0.10917839063598672,-0.09611172233809381,-0.3296987832529761,-0.025036691389942453,0.5707753674661897,-0.23630867127909871,0.9406953457564838,1
0.31542229681933065,-0.13358726976110932,-0.4796363515165606,-0.24223134737534674,-0.5285411966567136,0.6395382323581105,-0.33225251804722755,1
2.8492911745712552,1.0197061464056427,0.5470152760393859,2.399250779944997,1.2799169308032947,0.7959234468753044,-0.6599245766303216,7
3.818407114795954,-0.7854300844448776,1.3165787533354325,-1.331260345849684,0.5630667486487251,0.3519309090637098,1.2497640539641832,7
-0.08894772059081966,0.02461707284618654,-0.027454923569534502,-0.5071609572918284,-1.4574938596722629,-0.6226756764674178,-0.7811818271003397,4
2.3304054326418697,-0.45957141595951784,-1.1499522394675599,1.4232183016502202,0.9822295487800393,-0.29258850167805395,-0.5317410373524589,7
-0.5824677505602743,0.012339634252375092,-0.12169308778537778,-0.11997990347589854,0.8827481625124876,-0.40585389831844304,-0.1457093081000231,4
-0.19488948943466355,0.008857245092458325,-0.10370700436567737,-1.035660357135922,0.23845505648881535,-0.6438783985853872,-0.6091383836655377,4
-0.33060686954842156,-0.02093759508800166,-0.004747611628777432,-0.2884014631205801,-0.023078805266565534,0.8026253851701555,1.7393242079516327,1
0.15757034699921424,-0.14696462027448648,-0.5123579348214513,0.05166340602771058,0.8090483996255882,-1.5079011011627266,0.38664063736887433,1
1.5012031391406613,-0.11789839337177307,-0.247357801276324,-0.3679354871075003,2.331340191988976,-0.5400650117319138,0.8175190244733005,3
-0.2954983376008836,-0.11949192085028987,-0.3061815822752486,1.14472775215548,1.222462236943233,-0.9642768097827473,-0.24208729005869845,5
0.15474425567428515,-0.04285598927761159,-0.32011442117224653,-1.5167227937930647,0.4769532758952814,-1.319637448443542,0.27624462914018405,1
0.657559390468573,-0.265405464143213,-0.12281935463075702,1.5489849393707569,-0.0541783689534614,-0.02926511038650342,0.7936942113502157,5
0.015731062765712515,-0.08551831007726934,-0.31731516982980856,-1.5247223009288693,1.6036250421789568,0.0032839595656842494,1.893397055696734,5
-0.20027996006951745,0.05416371358209877,0.06971574582916217,-1.2764724803378993,-0.7925331028564475,0.7059440121860149,0.6960120250946444,1
-0.4991034612474071,-0.07213102606316787,-0.5687708993126045,0.46527797619695965,0.7406128011621647,1.1519696377101376,1.43154557780119,1
-0.9521770019088287,0.00632457883033434,-0.008265979499294161,1.4274063214027852,-0.47661428558129554,1.5079143814052738,0.9758369569068523,4
0.4718543365544271,-0.3747958088860469,-0.29498279718836407,1.9923715015723262,0.6246787549144871,-1.2667451739593314,0.029119507966518812,5
0.06723334396582026,-0.010244664709689766,0.10334791168641817,-1.5004336611181157,-0.025154798096976298,-0.576114592422184,-1.9613199380776174,4
-0.6741542253337462,-0.0652437517191985,-0.09707685484045359,1.4749582184530297,0.32220405985555367,0.7972849560927813,-0.2038638031878076,1
-0.04950686778558702,0.021510777671227138,0.06533630490509443,-0.9775931212018454,-0.4042774550647745,-2.3127419978171773,-0.9842777991064007,4
-0.2387316987384935,0.047533234993014546,0.3713791282642285,-1.8483887639951222,0.477895778143066,-0.2587908824551627,2.076859860084319,5
3.2311627479369287,-0.7141964435261898,1.3805772111253944,-2.0444593273896476,-0.49515938879581867,-0.35451718257739345,1.400837711784769,7
-0.08723658682843768,-0.11472753273375633,-0.4323026984651653,-0.17164244487292735,1.1889176593892525,0.16691233223484236,-1.5689683532267464,4
0.39523254728614515,-0.1013274635030921,0.19541279044644477,-0.5693465748543448,0.34002170764549666,0.21113553449974398,-0.3082578737708992,5
-0.5935147310927456,-0.028861543669212335,-0.07992554664270334,1.1655685317168591,-0.7076472636789132,1.0661263593592532,0.7174454379803478,1
-0.4522378731602779,0.05205073104728211,0.12771394545062825,-0.06803404271929842,-0.9269846204659734,-0.45109663910959186,-0.21389511298698946,4
-0.6794824435540209,0.07074450506196528,0.16871202368072916,0.1554652480016792,-0.598087586077415,-0.4525801467996541,-0.10869153948413934,4
1.169982588263505,-0.2482335229802963,0.45483967392606417,-0.09517936752078145,0.8748298134604767,-0.5204382303915941,0.859959444723603,5
-0.5300276461916384,0.0036200346917788506,-0.02254079894201878,0.29028552821830117,-0.6155240949851732,1.8846395617881195,0.15995614660914384,4
-0.40243597637567186,0.02232885570039356,0.18050245773748444,-0.6154732680223577,0.4031678356748245,-0.6663634661619975,0.6995150615548982,1
-0.2589134127744378,-0.013993883882950307,-0.06057686362033852,-1.2997544858884305,1.5026276824257718,-0.09787914829242331,0.7887213499091783,1
0.1540874882514523,-0.1027142343285727,-0.3872801090646508,-0.39319934252629085,-0.17986742005009274,-0.07823959660297626,0.8344589425395227,1
0.20624388549615014,0.14591440845328482,0.20018183577640147,-1.7120408238232232,1.0643702773116792,-0.14488134885027393,2.2987622048720855,5
0.038216504713100785,-0.0644766188876337,-0.22571794929970052,-1.0815894098274332,0.27660382232225167,1.116724165699968,-1.4392346052224951,4
1.7420095493587882,-0.460852629831665,0.25582075311393104,-0.22935883885542677,-0.04685369318138416,0.27991877178565844,0.3677516928248953,5
0.21536547661790545,0.10402411641612769,2.780266046170504,-0.17443814440793126,0.9635343308276133,-0.8741929281560381,0.9649135542426985,7
-0.34619009231816267,2.2119607433606974,1.6884993859133666,1.0751253829635992,4.370811410462789,-0.09871200102294402,0.4137071089703858,3
-0.307858422013488,0.06033544833797925,1.5403301268101768,-0.2303104291210367,1.585070845409365,0.0477515227977426,1.483495827404232,5
-0.2541408839399853,-0.01564049542696249,-0.10194429795001096,-1.227328781846974,1.3922910938609532,-0.7255502545192928,0.34297913471777547,1
-0.9811033516504302,-0.01712898130174189,-0.14459026898865773,0.5254899553348701,2.657753532523379,-1.3465760491507497,0.6546976052988086,1
-0.34607144524313616,0.015048580217807906,-0.15255808121601855,-0.7993078726863583,0.5695001912902183,-1.1093282710199774,0.518317838942245,1
-0.3588706105744458,0.005180870188019604,0.010933585647546401,-1.4292405953861582,1.8425137321933365,-0.09379550939586435,1.163804395735806,1
-0.4424509411482396,-0.004046999183185248,0.1654290996606393,-0.35817983868368586,0.8342467912487715,-1.175155143547359,0.9757841802494266,1
-0.2888684555210813,-0.03927746496284195,-0.18565692231766476,-0.05503658946283582,0.1412249869685234,0.31339914961757775,1.054253421728031,1
-0.16815743444075398,-0.06202440236277977,-0.1222635665409271,0.49205100832718984,-0.2631464267425327,0.36827968771672287,0.441611231598703,5
1.9544416672052798,-0.22723439553881208,1.3936439670361176,0.1137497354438004,2.716695506891612,-1.2019041583321624,0.5655629766766005,5
-0.6793643316956235,0.03995189690686349,-0.1132506781454059,-0.31501060189483265,0.3004849989935933,0.9695287620039691,1.9186172071440075,1
-0.4270321631455361,0.03401566459424641,-0.25538504312452676,-0.6876717804318163,-0.10243230466167827,0.8655963012137363,1.6782273703578054,1
-0.6785603045951161,0.014565358687001928,-0.009051484206869617,0.47308531601881876,-0.3954922566539601,1.122722960418347,0.040278513896265536,4
-0.44155489021855254,-0.011258450592789765,-0.12821225379384138,0.014621414371430615,-0.28492383637258445,1.0742521186515073,-0.07227560940338604,4
0.12084790610934032,-0.03805256978354289,-0.20375271338311585,-1.4116044906729703,0.25026736818614215,-0.33804676066966727,-1.234946407091336,4
-0.04729666763000223,-0.06019556768675484,-0.15039759540623354,-0.5062407087466829,-0.5273901465282754,1.9181781624802192,-1.4118108344757432,4
0.09115925883923928,-0.1261525440137156,-0.31965236189663393,-0.20395885401422315,-0.293173814520559,2.058622907397302,-1.4002550686424722,1
-0.33913906210390005,0.06813489338734098,0.08260725724275216,-1.6724242802271303,0.27214215408061376,0.893322804618478,2.3176628594170134,1
-0.5949584790253024,-0.04250074036056263,-0.06465407713155155,1.9455884697824426,-1.2892699248555435,-0.835662811284994,-0.19445856753660368,1
0.24246799118676854,-0.1299363197939138,-0.3953019283822231,-0.7091844432806855,0.8196621123855512,0.7267434779231063,0.03388182125389991,1
-0.4098811052801327,-0.021204638901476794,-0.17642527693110707,0.08299664370540308,-0.06544948196315778,0.8765736740058285,0.33034708736659235,4
-0.3836469353409161,0.004355884835750057,0.19042058847180732,-0.2283237265400727,0.8235495829218984,0.44622700276850247,1.0838622264984632,5
0.49836280553868595,-0.1944368034503009,-0.8180959087632554,0.4180361527451809,-0.7085807174350618,-1.002973794328429,-0.011907903043491985,1
-0.8115605817925275,0.044708522713530936,0.09038859583133722,0.6542989115968012,-0.4787340355420674,0.7006905966813737,0.36943590120605574,4
-0.2277461715409333,-0.06577776368943258,-0.1970921131830313,-0.009010567616067288,0.33175256670595177,0.14486679368870894,-1.3301421701220004,4
-0.36525873509896034,0.05311254451120358,-0.12001140309522965,-1.4978900867374594,0.5146598232951841,-0.26855561571801073,1.9513092550316207,1
-0.15628032745190323,-0.029622910372933776,-0.13390132138939667,-0.1677296161105294,-0.8051202480239973,0.8126460562136643,-1.1613085451774585,4
4.034743711747999,-0.5343919619558563,-2.489035048987898,0.47823382232291123,-0.28641378985523985,-0.10076771824873079,0.33891502392151246,7
-0.6217593054868785,-0.026720824616135244,-0.13885772003735594,-0.367000050290285,2.706871738861377,-0.3765293775486144,-1.4356013854710161,4
-0.4243685111769063,-0.028117691897407412,0.39139845260132267,0.314375172907147,-0.4654137589761095,0.6031193212930569,1.0835713355656824,5
-0.28303620216502273,0.01716799235200174,-0.09756289587541954,0.10306049981258507,-1.2244537901216277,-0.625186657605574,-0.08446014399521569,4
-0.021295474501290407,-0.07805594790691617,-0.032478078116880124,-0.12893861814427815,0.48341688654718734,0.6327087727390991,-0.20286171030085673,5
-0.11919829789957562,-0.01891912183159637,-0.09826653301151446,-0.6620857950573953,0.02999519165140228,-0.47593790318208434,0.7855981283198361,1
1.904595745700771,-0.5818641466376474,0.422827665578027,1.8338882866996031,0.4337713567819869,0.7149771917199291,0.41076572662107563,5
-0.049178352313468225,-0.08798097616112523,-0.487084125610589,0.038171904364245654,-0.4371082729300601,1.2387867219167383,-0.27679384532735973,4
-0.0755536116666297,0.01826421909091252,-0.004249119376635663,-0.48695824780931685,-1.5529717026957468,-0.32324587241867137,-0.4958847240798067,4
-0.7913501497813829,-0.04610618690023423,-0.5927839970649048,0.24008296872606893,2.3997999081269445,0.465518243772486,1.4004496972629434,1
0.020582117896436145,-0.08970526805439098,-0.10770270488059111,0.110638860693855,-0.4741977582962509,1.34592353933468,0.7361210964558684,5
0.22898845624025732,-0.11503195917914011,-0.44308843877465787,-0.4147150600506351,-0.4591123762795792,0.89436847455478,-1.1221613494570217,1
-1.7499321752893842,-0.13824652134546642,-0.23297974970486918,4.95090956405701,2.1421738229578846,1.1861654297217177,-0.778371829422648,3
0.8497160235097254,-0.18579132152064975,-0.43222454485156514,-1.4329429543392327,0.8380532070752047,-0.20316557064326152,1.5854459284137117,5
1.5234631059988109,-0.3896635543741328,-1.1656425398318326,-0.3503175923496919,-0.67891852220344,-0.012653022855911042,0.47224746791572814,5
0.2441864071965561,-0.052110772462105534,-0.34710903090568734,-0.5428544629790099,-1.1724913971348814,-1.3572237238226423,-0.2108883593161176,1
-0.03872824284123082,-0.020105875774073335,-0.20110913881206743,-0.7389275299266631,-0.6820884347032462,-0.009362951418861398,-0.5384573893699682,4
-0.5038326323268538,0.0004296851353304404,-0.029122624957798465,0.4192228260303333,-0.646150300823012,0.22398434042275653,0.24723552538064325,4
-0.8251843371709839,0.16605862711142821,0.8684801873185493,-1.274479583919729,2.3142896935106623,-0.7428619128919556,2.1117075336001125,5
-0.09476962248475598,-0.027101637606926535,-0.08049243433650578,-0.6481295903539654,0.0742658214848733,0.30746839339999205,-0.71345425804162,4
-0.23623497217695968,0.010043193053446746,0.010540563547612954,-0.46447984252849367,-0.7210644196080137,0.4595947281693314,-0.6862849937679405,4
-0.6502687711612094,0.0027101511902592364,0.15866609950907354,0.53965847846285,-0.0006208161096340569,-0.19247417484978002,1.0630454660089972,1
-0.29426521251637083,0.05490483475017608,0.16215317768105664,-1.0991169360015138,-0.47981757807330655,0.14448237437571093,-0.3806719296388918,4
-0.6139807348169173,0.09604160361427713,0.20727796905780727,-0.4861081555772331,-0.6905389393799022,0.5709593470000952,0.8574341317277845,1
0.1111202499609715,-0.02115966402500754,0.09009180853775742,-1.312007169354945,-0.6995762088019382,0.6697047334356204,0.1033323808864077,1
-0.11120945571488185,-0.05319300398563414,-0.30541817027857865,-0.059187963944551614,-0.6654659359589672,0.7547355034644859,0.2933467513478595,1
-0.4563803714934775,0.005626218515764145,-0.050748873937597666,-1.2162552738307686,1.7922233000439816,0.3719523972698102,-1.0191553010865162,4
-0.7547016953663743,0.06059382264035782,0.19136470032770486,0.9327014696079196,-1.3572442597317242,-0.6332364297826188,0.5401546324735612,4
-0.24765870468727974,-0.07694700608916541,-0.2769667975906618,-0.16521212553243175,0.29352751120076936,2.25488816315384,-0.8376992220884855,4
-0.30947517930036755,0.005573593521270355,0.06111247137721197,-0.7330208210648883,0.5955738181549433,-0.41978123230044906,-1.6940419453694053,4
-0.027375411778572445,-0.06833132793468516,-0.17971583537857377,-0.45410522629872746,-0.13740210864956529,0.4113698295855518,-1.5691823767375332,4
-0.7211305524205491,0.041648541514886145,-0.03685301375819883,0.6796704992335403,-0.2974759499604109,-0.8977038018976093,0.1646160906604264,4
0.025135755481364652,-0.030283737110973662,0.16054433631354167,-1.216466819414744,0.44660419812826624,-1.0667804445884896,-3.201128391556442,1
-0.46651210154371847,0.02927005574126316,-0.12330375268707128,0.7565483534310151,-1.2270188834724705,-1.7193389213316632,0.17977690104592903,4
-0.03549822389259408,-0.09631006116449774,-0.5245212655426266,-0.5513646296689619,0.7877595532920323,0.7613497278176519,-0.7690230707409913,4
0.6937033534519097,-0.22978134624932614,-0.6934652562773979,-0.09610088262625059,-0.6900149620004551,0.9578508611695596,-0.12438507413498073,1
-0.3945282657067746,0.033855369529928694,0.06437115292034194,-0.3474604594458245,-0.36375749777237554,-0.36797504999559477,-0.6482644850376676,4
-0.4858850018814948,0.016419409428111296,-0.0031769784173157345,-0.14563033641215198,0.2242431124823999,-1.00560853451281,1.0105569986653076,1
0.15864605298650838,-0.16297220644250643,-0.35462433360170115,1.3803036473491601,-0.9065271415673741,-1.8652484731837775,-0.20244173043457026,1
-0.02547260870400979,-0.15251902051959948,-0.06193313884533491,1.0333556871875484,0.49208936482844445,-0.2655722414258387,0.03651759868170183,5
0.02818038145089262,0.015641567132530475,0.2632085391410355,-1.3235078942168261,-0.9131084374196392,0.02389563156758204,-1.262105480916603,1
-0.6672770524426375,-0.05666176241230808,0.18899645642643972,1.7404680582466665,-0.6129970715587897,0.5588310288808253,-0.4844393132310697,1
-0.1383660070727163,-0.08673423479565404,-0.14564947765057293,0.8289855014568588,-0.6017777336723051,0.6509310917669127,-0.05750850052815348,5
-0.41317907120958147,0.04381184370129717,0.13464494806406724,-0.4538076831676198,-0.49165742902685833,-0.14750698070680088,-0.22754807882597683,4
-0.13628180703481624,0.06385166046554831,0.16546610860504318,-1.8783418928953812,-0.40007334424605157,0.9161671088116322,0.6780520361607387,1
