MSA,Barren Land (Rock/Sand/Clay),Cultivated Crops,Deciduous Forest,"Developed, High Intensity","Developed, Low Intensity","Developed, Medium Intensity","Developed, Open Space",Emergent Herbaceous Wetlands,Evergreen Forest,Grassland/Herbaceous,Mixed Forest,Open Water,Pasture/Hay,Shrubland,Woody Wetlands
"Abilene, TX",6728.0,2099812.0,153889.0,27003.0,108973.0,76541.0,258626.0,2087.0,473501.0,638685.0,23295.0,47490.0,28297.0,3980466.0,10880.0
"Akron, OH",5972.0,173140.0,811485.0,65804.0,368917.0,181242.0,354969.0,22025.0,7673.0,25169.0,66296.0,64747.0,384584.0,8219.0,119363.0
"Albany, GA",2013.0,2102623.0,68475.0,19771.0,143836.0,46683.0,208229.0,53826.0,1247126.0,159669.0,253748.0,58219.0,39741.0,79667.0,1151533.0
"Albany, OR",45972.0,363901.0,6858.0,22567.0,76593.0,55590.0,86436.0,42935.0,3811640.0,284662.0,76560.0,52290.0,1167763.0,491627.0,51173.0
"Albany-Schenectady-Troy, NY",27105.0,226497.0,1921802.0,90837.0,363813.0,227610.0,500605.0,68212.0,952523.0,75086.0,1835704.0,172390.0,1126778.0,57824.0,636018.0
"Albuquerque, NM",41880.0,157642.0,109241.0,64833.0,259842.0,241619.0,483300.0,134429.0,3377597.0,5393552.0,34668.0,26185.0,196698.0,16164777.0,63368.0
"Alexandria, LA",18497.0,498945.0,71389.0,18728.0,166226.0,56334.0,230885.0,56117.0,2385501.0,155840.0,111458.0,129481.0,349651.0,240847.0,1341020.0
"Allentown-Bethlehem-Easton, PA-NJ",21061.0,643652.0,1621146.0,73037.0,289588.0,158189.0,461997.0,6468.0,60276.0,16792.0,288062.0,53393.0,414073.0,18691.0,119083.0
"Altoona, PA",5724.0,176665.0,883890.0,14137.0,72618.0,38628.0,72192.0,1047.0,12973.0,12493.0,89166.0,3691.0,127681.0,4434.0,1396.0
"Amarillo, TX",21734.0,2729425.0,21912.0,36059.0,172805.0,87361.0,271010.0,207654.0,127786.0,5094953.0,393.0,42769.0,7720.0,6074134.0,21473.0
"Ames, IA",2041.0,1307978.0,43839.0,9445.0,51721.0,35237.0,64175.0,6895.0,276.0,17047.0,8872.0,4518.0,83280.0,138.0,15332.0
"Ann Arbor, MI",5014.0,638828.0,342783.0,34318.0,153556.0,90634.0,186337.0,21530.0,8850.0,6533.0,31492.0,39280.0,212197.0,3120.0,304491.0
"Anniston-Oxford-Jacksonville, AL",4468.0,26404.0,637096.0,12556.0,76270.0,34239.0,163675.0,3070.0,256821.0,74699.0,146631.0,15230.0,246486.0,49789.0,14505.0
"Appleton, WI",11134.0,1611659.0,91094.0,31192.0,162400.0,90544.0,103086.0,118440.0,3191.0,3640.0,12585.0,239180.0,133656.0,1484.0,384324.0
"Asheville, NC",5409.0,36976.0,2972832.0,27009.0,164176.0,84912.0,674647.0,528.0,126646.0,31003.0,1115741.0,19246.0,572615.0,34606.0,6742.0
"Athens-Clarke County, GA",8360.0,11418.0,747372.0,15307.0,111463.0,49828.0,203297.0,6087.0,594496.0,118610.0,277472.0,21970.0,611812.0,97113.0,103818.0
"Atlanta-Sandy Springs-Roswell, GA",71158.0,51211.0,6302525.0,511111.0,2218735.0,1102231.0,2835606.0,28193.0,4672863.0,722912.0,1775696.0,440083.0,3388438.0,476076.0,830704.0
"Atlantic City-Hammonton, NJ",6818.0,112742.0,207932.0,30186.0,101967.0,69766.0,115178.0,198154.0,66038.0,6913.0,225989.0,156839.0,7729.0,10844.0,438336.0
"Auburn-Opelika, AL",6553.0,16132.0,346688.0,14623.0,103999.0,42992.0,110361.0,2862.0,437953.0,98744.0,218358.0,29887.0,179028.0,82567.0,81557.0
"Augusta-Richmond County, GA-SC",37494.0,887404.0,888297.0,62829.0,410253.0,179034.0,520444.0,85927.0,3158220.0,731574.0,342514.0,281779.0,687033.0,654057.0,1380995.0
"Austin-Round Rock, TX",72412.0,1142757.0,900838.0,230475.0,554199.0,581301.0,729999.0,18211.0,2083613.0,1389065.0,506054.0,167692.0,2005744.0,1664740.0,269912.0
"Bakersfield, CA",488499.0,4788942.0,81578.0,92697.0,293243.0,328147.0,847595.0,105512.0,1031773.0,5873142.0,76771.0,54323.0,49863.0,9355071.0,20887.0
"Baltimore-Columbia-Towson, MD",16233.0,1377378.0,1835487.0,193003.0,670965.0,432253.0,993677.0,70481.0,37357.0,26539.0,382439.0,308555.0,990734.0,33656.0,429143.0
"Bangor, ME",17924.0,50137.0,1265735.0,26367.0,135249.0,77711.0,219686.0,135152.0,1899683.0,185427.0,3429614.0,459445.0,257015.0,138300.0,1941701.0
"Barnstable Town, MA",54599.0,5642.0,33431.0,26950.0,201240.0,150280.0,104938.0,91715.0,187225.0,31937.0,188572.0,163114.0,3131.0,12495.0,39635.0
"Baton Rouge, LA",45384.0,1195617.0,281539.0,116262.0,495560.0,287117.0,495654.0,297993.0,1607710.0,170331.0,570252.0,542915.0,1311545.0,308960.0,4369285.0
"Battle Creek, MI",1758.0,939960.0,262220.0,16685.0,93221.0,43050.0,129722.0,28521.0,8075.0,6931.0,26056.0,21905.0,69195.0,1922.0,418149.0
"Bay City, MI",3058.0,757736.0,64669.0,16281.0,93997.0,53795.0,44568.0,27014.0,2313.0,7297.0,10960.0,18396.0,10340.0,870.0,188707.0
"Beaumont-Port Arthur, TX",21169.0,211555.0,6346.0,88089.0,369693.0,189470.0,338096.0,986270.0,2267197.0,323164.0,502175.0,377153.0,1174694.0,276027.0,2083713.0
"Beckley, WV",25015.0,665.0,2671482.0,13018.0,103603.0,55079.0,134562.0,3896.0,175157.0,98767.0,176198.0,25567.0,132853.0,57648.0,3440.0
"Bellingham, WA",414387.0,181452.0,144916.0,24863.0,124163.0,63173.0,110139.0,79361.0,3390647.0,206421.0,269343.0,139782.0,317280.0,574122.0,100073.0
"Bend-Redmond, OR",122704.0,49814.0,1910.0,6588.0,121264.0,44763.0,172474.0,56089.0,3422651.0,321641.0,1493.0,69451.0,125453.0,4223149.0,38509.0
"Billings, MT",85735.0,1824465.0,18755.0,33988.0,98579.0,87491.0,133786.0,143969.0,1205935.0,4938471.0,1542.0,85503.0,411996.0,7683596.0,180292.0
"Binghamton, NY",9855.0,80292.0,1191259.0,19200.0,94015.0,52057.0,202290.0,20866.0,144490.0,13514.0,892728.0,39059.0,739108.0,13407.0,50805.0
"Birmingham-Hoover, AL",112073.0,64691.0,4409889.0,106916.0,652625.0,336540.0,1017888.0,33113.0,3261786.0,728565.0,1710591.0,241528.0,1760565.0,564997.0,450989.0
"Bismarck, ND",39233.0,4461522.0,166017.0,16082.0,98350.0,57351.0,345105.0,410606.0,1073.0,9042160.0,2126.0,348768.0,473236.0,161858.0,126966.0
"Blacksburg-Christiansburg-Radford, VA",3278.0,21719.0,1839285.0,18958.0,128343.0,61259.0,199542.0,2977.0,102815.0,52583.0,772639.0,39718.0,949502.0,38595.0,4713.0
"Bloomington, IL",2352.0,3808168.0,123433.0,26904.0,173426.0,88560.0,122188.0,752.0,592.0,5924.0,40939.0,36106.0,137304.0,601.0,12296.0
"Bloomington, IN",10607.0,265621.0,1341541.0,9826.0,46887.0,29222.0,133772.0,4176.0,5472.0,49945.0,100590.0,66171.0,224320.0,5662.0,5995.0
"Bloomsburg-Berwick, PA",5888.0,338488.0,629766.0,8057.0,47669.0,21718.0,114604.0,5171.0,27059.0,5631.0,226575.0,18001.0,327133.0,5322.0,10582.0
"Boise City, ID",29715.0,2038630.0,43299.0,37745.0,312459.0,166087.0,394190.0,164346.0,3416146.0,10548277.0,20161.0,152678.0,442719.0,16198255.0,82979.0
"Boston-Cambridge-Newton, MA-NH",72515.0,116301.0,1140283.0,534677.0,1129984.0,1238459.0,849151.0,280307.0,1101575.0,125591.0,1779072.0,457838.0,291041.0,64310.0,1381426.0
"Boulder, CO",36736.0,117504.0,17869.0,21705.0,101340.0,68799.0,86465.0,39621.0,865315.0,317632.0,1858.0,36591.0,72122.0,291226.0,31789.0
"Bowling Green, KY",5299.0,577847.0,1863166.0,14829.0,74360.0,40536.0,248821.0,9795.0,66659.0,35316.0,395955.0,53371.0,1283905.0,29228.0,17529.0
"Bremerton-Silverdale, WA",11293.0,52.0,63093.0,18234.0,140138.0,62300.0,126551.0,14105.0,441103.0,25153.0,133674.0,105512.0,18487.0,51195.0,38860.0
"Bridgeport-Stamford-Norwalk, CT",3587.0,1910.0,674867.0,71795.0,242243.0,179037.0,341906.0,11703.0,6751.0,7485.0,128084.0,78969.0,25682.0,3811.0,103793.0
"Brownsville-Harlingen, TX",84977.0,1145057.0,17694.0,49151.0,143834.0,125427.0,130063.0,412273.0,8632.0,138163.0,27899.0,261358.0,78805.0,206542.0,68149.0
"Brunswick, GA",19528.0,17162.0,2590.0,13862.0,76341.0,32562.0,169820.0,708917.0,1110801.0,125349.0,356.0,301097.0,59481.0,203925.0,1167078.0
"Buffalo-Cheektowaga-Niagara Falls, NY",20934.0,826231.0,921695.0,110225.0,365997.0,217036.0,386884.0,33364.0,68672.0,20474.0,305759.0,71099.0,676890.0,15373.0,523812.0
"Burlington, NC",1398.0,49777.0,390253.0,14896.0,81456.0,34102.0,127366.0,639.0,87174.0,17494.0,101267.0,20903.0,294090.0,24582.0,4128.0
"Burlington-South Burlington, VT",7426.0,161321.0,1154684.0,26831.0,130604.0,83548.0,129632.0,66967.0,300184.0,7695.0,493911.0,714652.0,761787.0,11012.0,282621.0
"California-Lexington Park, MD",1964.0,189085.0,144149.0,8218.0,44940.0,20994.0,105933.0,15391.0,63624.0,7710.0,257134.0,127405.0,35938.0,11545.0,122887.0
"Canton-Massillon, OH",6856.0,333017.0,888703.0,52571.0,217861.0,112227.0,262180.0,12537.0,17239.0,19461.0,106261.0,32444.0,701480.0,14594.0,41526.0
"Cape Coral-Fort Myers, FL",14187.0,66005.0,436.0,70029.0,438759.0,251943.0,380213.0,128834.0,29491.0,23987.0,5566.0,237522.0,134109.0,27654.0,748715.0
"Cape Girardeau, MO-IL",13239.0,882927.0,1753712.0,13158.0,91125.0,39966.0,145690.0,23139.0,6250.0,11854.0,26806.0,92020.0,932905.0,11959.0,157245.0
"Carbondale-Marion, IL",4397.0,740684.0,1068341.0,11488.0,120197.0,43040.0,141921.0,18554.0,6869.0,14432.0,54836.0,119915.0,490389.0,10273.0,166953.0
"Carson City, NV",193.0,200.0,128.0,9849.0,19245.0,21054.0,8299.0,3547.0,58140.0,16940.0,14.0,35239.0,1550.0,275310.0,2845.0
"Casper, WY",28434.0,57963.0,14622.0,8432.0,53972.0,37969.0,88785.0,98552.0,386701.0,2811293.0,7001.0,67696.0,63421.0,11691454.0,56864.0
"Cedar Rapids, IA",10582.0,3976421.0,384691.0,36702.0,207620.0,121837.0,181193.0,34591.0,4091.0,91695.0,72650.0,43313.0,516793.0,2773.0,128590.0
"Chambersburg-Waynesboro, PA",4161.0,596516.0,771679.0,17428.0,102728.0,38867.0,127565.0,6982.0,12686.0,8435.0,116063.0,4869.0,397563.0,2862.0,15754.0
"Champaign-Urbana, IL",1735.0,4850891.0,50617.0,27096.0,223339.0,92179.0,150176.0,800.0,332.0,2009.0,23242.0,8478.0,71019.0,136.0,35143.0
"Charleston, WV",40173.0,50.0,4070803.0,23444.0,107978.0,71758.0,171181.0,1216.0,34147.0,122457.0,238741.0,28879.0,67783.0,79303.0,1065.0
"Charleston-North Charleston, SC",34833.0,256225.0,50784.0,67393.0,339211.0,183768.0,424535.0,837556.0,2098195.0,146319.0,23699.0,709111.0,173250.0,203147.0,2594927.0
"Charlotte-Concord-Gastonia, NC-SC",32379.0,813447.0,2935257.0,212565.0,1120908.0,528658.0,1646869.0,11162.0,2039826.0,365296.0,1883957.0,297840.0,2480269.0,381054.0,147257.0
"Charlottesville, VA",4640.0,49327.0,2575231.0,12627.0,98239.0,39473.0,319966.0,5323.0,610231.0,325151.0,1175261.0,44391.0,952971.0,186387.0,51678.0
"Chattanooga, TN-GA",8936.0,45224.0,2985475.0,61768.0,292646.0,135305.0,473531.0,7951.0,402123.0,118415.0,474340.0,149562.0,877679.0,96280.0,23397.0
"Cheyenne, WY",4904.0,1071037.0,167.0,15902.0,51015.0,44941.0,124490.0,91240.0,66270.0,5782708.0,25.0,4451.0,56099.0,404263.0,15735.0
"Chicago-Naperville-Elgin, IL-IN-WI",97699.0,9555487.0,1417598.0,1045847.0,2874639.0,2220673.0,1313245.0,225475.0,15780.0,341029.0,91866.0,336229.0,795425.0,51255.0,640569.0
"Chico, CA",16488.0,1246632.0,52895.0,19478.0,82144.0,66779.0,160183.0,81548.0,958215.0,1299489.0,15545.0,67206.0,3986.0,728310.0,27441.0
"Cincinnati, OH-KY-IN",25122.0,1738336.0,3823943.0,209217.0,819788.0,475137.0,1065177.0,12557.0,233044.0,60236.0,978349.0,225184.0,2463991.0,36137.0,34354.0
"Clarksville, TN-KY",5998.0,1182603.0,2007607.0,28263.0,136889.0,74317.0,268563.0,9292.0,47285.0,53542.0,224122.0,134393.0,770519.0,32854.0,56087.0
"Cleveland, TN",3075.0,31462.0,613490.0,12971.0,72027.0,28923.0,145665.0,2929.0,317938.0,38200.0,495470.0,25076.0,398336.0,33887.0,7680.0
"Cleveland-Elyria, OH",15565.0,706741.0,1521491.0,190877.0,900152.0,492441.0,696642.0,17313.0,17285.0,44719.0,147403.0,47445.0,789322.0,10274.0,207700.0
"Coeur d'Alene, ID",5700.0,188220.0,4515.0,9361.0,102557.0,63091.0,96454.0,42488.0,2344960.0,108754.0,7802.0,197404.0,33424.0,511497.0,51601.0
"College Station-Bryan, TX",18644.0,492813.0,780675.0,36336.0,134810.0,119863.0,214390.0,28862.0,172357.0,55420.0,426169.0,86869.0,3168815.0,77259.0,325700.0
"Colorado Springs, CO",23596.0,33696.0,62229.0,55556.0,183784.0,169268.0,332752.0,74610.0,1619529.0,3885416.0,6075.0,13623.0,6186.0,1230391.0,40883.0
"Columbia, MO",5345.0,325844.0,682305.0,17638.0,78557.0,59623.0,79305.0,4781.0,12164.0,8060.0,77056.0,30671.0,576854.0,5637.0,24909.0
"Columbia, SC",40119.0,578494.0,480081.0,82686.0,516379.0,249936.0,653722.0,75210.0,3513026.0,791499.0,1019405.0,388037.0,720886.0,669526.0,1254446.0
"Columbus, GA-AL",21541.0,133236.0,1016477.0,37122.0,196193.0,94350.0,224771.0,13526.0,1704419.0,354573.0,726996.0,84408.0,327862.0,293730.0,410113.0
"Columbus, IN",1319.0,589915.0,301983.0,8434.0,39536.0,23142.0,63944.0,2134.0,759.0,4669.0,26175.0,14014.0,86940.0,3311.0,12233.0
"Columbus, OH",30088.0,5830486.0,3321509.0,222585.0,772553.0,551865.0,844383.0,19148.0,92569.0,50217.0,302681.0,130496.0,1717243.0,31099.0,40771.0
"Corpus Christi, TX",76172.0,2523577.0,96155.0,96720.0,166216.0,214482.0,187396.0,600260.0,34733.0,178814.0,68994.0,215264.0,382662.0,399876.0,138067.0
"Corvallis, OR",490.0,160052.0,24826.0,8490.0,49910.0,26070.0,89218.0,33111.0,803384.0,36085.0,261669.0,8100.0,331402.0,85694.0,33552.0
"Crestview-Fort Walton Beach-Destin, FL",52430.0,251674.0,8221.0,32276.0,172970.0,106126.0,306022.0,50747.0,2550402.0,385194.0,46647.0,436762.0,133320.0,560847.0,1072407.0
"Cumberland, MD-WV",7161.0,16595.0,1444194.0,8525.0,54784.0,27429.0,102051.0,2398.0,13252.0,31950.0,215449.0,16460.0,222603.0,13170.0,2306.0
"Dallas-Fort Worth-Arlington, TX",107969.0,1882804.0,2751256.0,1057906.0,2022758.0,2285353.0,1660487.0,135040.0,509581.0,9731758.0,144006.0,991446.0,3725765.0,337277.0,386767.0
"Dalton, GA",3409.0,21028.0,496159.0,23021.0,79159.0,34996.0,156670.0,5891.0,260638.0,52084.0,323821.0,14826.0,303780.0,45828.0,13855.0
"Danville, IL",3948.0,2037455.0,211580.0,10019.0,92303.0,28637.0,89711.0,3430.0,261.0,8854.0,13253.0,14882.0,60674.0,589.0,18003.0
"Daphne-Fairhope-Foley, AL",27496.0,427992.0,3137.0,17947.0,133394.0,70530.0,231466.0,135262.0,1519165.0,187772.0,52830.0,238736.0,286011.0,231769.0,1272647.0
"Davenport-Moline-Rock Island, IA-IL",8895.0,4556770.0,426954.0,65484.0,292368.0,178005.0,190405.0,44467.0,2530.0,26624.0,183602.0,138154.0,403481.0,2440.0,138156.0
"Dayton, OH",11028.0,1877265.0,428331.0,74968.0,377981.0,230540.0,375209.0,11713.0,8080.0,18586.0,17502.0,27639.0,246627.0,1039.0,6832.0
"Decatur, AL",6559.0,387096.0,1063164.0,19939.0,115241.0,51636.0,181623.0,27038.0,212485.0,44508.0,175347.0,119655.0,1024788.0,43301.0,314870.0
"Decatur, IL",759.0,1288753.0,55407.0,21398.0,106688.0,49357.0,64469.0,1269.0,99.0,2471.0,15029.0,17473.0,47135.0,306.0,15058.0
"Deltona-Daytona Beach-Ormond Beach, FL",18289.0,26484.0,4261.0,38903.0,314393.0,155799.0,391701.0,365298.0,1265602.0,76834.0,13081.0,487927.0,253066.0,155930.0,1536311.0
"Denver-Aurora-Lakewood, CO",81144.0,3210865.0,412605.0,264023.0,706959.0,667765.0,868945.0,404665.0,4842949.0,9563717.0,42379.0,121176.0,46824.0,2734487.0,189498.0
"Des Moines-West Des Moines, IA",19612.0,4368685.0,793544.0,68692.0,361980.0,228627.0,332131.0,88866.0,9191.0,76085.0,148732.0,103282.0,1607362.0,10655.0,161980.0
"Detroit-Warren-Dearborn, MI",40886.0,2176919.0,1796454.0,588207.0,1296527.0,1373833.0,1246369.0,111433.0,46531.0,63413.0,190559.0,344172.0,872557.0,12771.0,1410220.0
"Dothan, AL",3712.0,1328650.0,55390.0,15557.0,129704.0,46257.0,209985.0,30010.0,1238763.0,134699.0,320475.0,47386.0,429147.0,262128.0,723490.0
"Dover, DE",1808.0,772801.0,70453.0,16921.0,76318.0,44907.0,121000.0,167962.0,8153.0,1275.0,21417.0,37613.0,6171.0,2609.0,371393.0
"Dubuque, IA",5666.0,907444.0,252000.0,13785.0,65780.0,42564.0,58629.0,4105.0,3911.0,29014.0,51893.0,23056.0,307825.0,2192.0,6360.0
"Duluth, MN-WI",197461.0,37371.0,4407194.0,53127.0,256075.0,150983.0,466604.0,865640.0,1534397.0,304851.0,5054914.0,1607734.0,715763.0,492499.0,9638579.0
"Durham-Chapel Hill, NC",8637.0,131403.0,1477320.0,33657.0,183184.0,113185.0,472435.0,9971.0,800094.0,106329.0,765936.0,158642.0,723271.0,135408.0,95165.0
"East Stroudsburg, PA",3871.0,22864.0,932982.0,11056.0,63330.0,25737.0,223591.0,5706.0,49686.0,10164.0,175230.0,23516.0,70881.0,9402.0,147688.0
"Eau Claire, WI",4772.0,1806589.0,1209589.0,18151.0,111026.0,55582.0,196725.0,124586.0,77479.0,43916.0,200582.0,108621.0,233719.0,23937.0,638184.0
"El Centro, CA",4309088.0,2088398.0,78.0,18886.0,172614.0,99799.0,124700.0,56117.0,116.0,595565.0,51.0,795724.0,143615.0,4406456.0,82794.0
"El Paso, TX",178555.0,428859.0,110.0,105581.0,172575.0,254411.0,137161.0,4035.0,32888.0,4348676.0,6.0,7186.0,97.0,10375810.0,30458.0
"Elizabethtown-Fort Knox, KY",11077.0,671139.0,1228690.0,15323.0,64465.0,41367.0,191403.0,1858.0,50187.0,21170.0,245851.0,60237.0,852720.0,18160.0,31964.0
"Elkhart-Goshen, IN",4070.0,631321.0,65413.0,48643.0,124965.0,80691.0,108019.0,7394.0,4463.0,3557.0,2579.0,11893.0,138296.0,1183.0,113926.0
"Elmira, NY",2649.0,37178.0,468919.0,8209.0,42508.0,20428.0,69643.0,8417.0,22945.0,4065.0,238182.0,7505.0,232405.0,3915.0,15193.0
"Enid, OK",1383.0,1736114.0,66056.0,12377.0,49819.0,37449.0,110297.0,2441.0,7744.0,999548.0,672.0,13455.0,11215.0,751.0,1355.0
"Erie, PA",4200.0,272677.0,854582.0,26727.0,131656.0,69006.0,141338.0,22162.0,53089.0,8000.0,119273.0,26863.0,406300.0,5900.0,188362.0
"Eugene, OR",102224.0,94350.0,59053.0,47677.0,137940.0,115023.0,261410.0,113355.0,8907138.0,875476.0,854595.0,171824.0,737511.0,713414.0,102911.0
"Evansville, IN-KY",10352.0,2199018.0,728880.0,36414.0,149122.0,94700.0,227800.0,32232.0,14197.0,18706.0,116592.0,164339.0,330389.0,27125.0,204345.0
"Fargo, ND-MN",9557.0,6755056.0,85311.0,41410.0,160833.0,102807.0,267937.0,253198.0,3718.0,51847.0,3060.0,71921.0,213019.0,743.0,96512.0
"Farmington, NM",77364.0,330545.0,8707.0,13800.0,109870.0,55357.0,111051.0,61429.0,1088265.0,2042795.0,585.0,49526.0,125413.0,11791867.0,71263.0
"Fayetteville, NC",46391.0,549154.0,34029.0,30277.0,213230.0,104846.0,218704.0,36488.0,838093.0,97582.0,20317.0,21648.0,24269.0,136479.0,650411.0
"Fayetteville-Springdale-Rogers, AR-MO",20196.0,5526.0,4668040.0,54123.0,231853.0,164581.0,495655.0,2632.0,59608.0,103321.0,242695.0,133314.0,2954213.0,95142.0,15779.0
"Flagstaff, AZ",1026510.0,45.0,21772.0,18404.0,106049.0,71997.0,271566.0,50963.0,12072195.0,6946339.0,2113.0,63264.0,500.0,32939359.0,111572.0
"Flint, MI",3108.0,479366.0,297795.0,51910.0,223889.0,122822.0,222513.0,11871.0,6882.0,12272.0,34100.0,34095.0,187308.0,1808.0,179607.0
"Florence, SC",1513.0,1179865.0,20717.0,22497.0,140187.0,58278.0,237339.0,90445.0,564452.0,90542.0,14178.0,34568.0,20192.0,119700.0,1349708.0
"Florence-Muscle Shoals, AL",7191.0,457001.0,1208234.0,16126.0,110415.0,43755.0,190874.0,14393.0,243898.0,56631.0,163837.0,228693.0,861445.0,104405.0,158576.0
"Fond du Lac, WI",7922.0,1222578.0,72083.0,13784.0,91989.0,40488.0,60291.0,214486.0,7048.0,2191.0,8967.0,122744.0,176894.0,1792.0,160711.0
"Fort Collins, CO",32247.0,249852.0,49786.0,26919.0,136141.0,99414.0,181505.0,86015.0,2543400.0,2068453.0,5118.0,103689.0,69774.0,1772115.0,116533.0
"Fort Smith, AR-OK",20910.0,285826.0,3001059.0,33632.0,213774.0,98254.0,317854.0,52181.0,1318905.0,301981.0,1211292.0,244804.0,2533109.0,196010.0,164339.0
"Fort Wayne, IN",10042.0,2610723.0,308560.0,64215.0,226346.0,173223.0,207125.0,18853.0,4615.0,13804.0,5425.0,34567.0,177827.0,3261.0,78587.0
"Fresno, CA",563024.0,5835205.0,10174.0,115621.0,275628.0,336751.0,311698.0,81006.0,2769247.0,3779063.0,100516.0,140326.0,48479.0,2881488.0,23173.0
"Gadsden, AL",3712.0,39795.0,483350.0,13429.0,91756.0,32382.0,128802.0,4473.0,137444.0,40057.0,171419.0,41629.0,316561.0,43875.0,30380.0
"Gainesville, FL",7197.0,178844.0,13574.0,11369.0,104342.0,48505.0,216910.0,103173.0,1358224.0,128520.0,7027.0,129023.0,772511.0,195038.0,535929.0
"Gainesville, GA",4478.0,855.0,472303.0,20401.0,105580.0,52793.0,139275.0,546.0,52818.0,24927.0,77699.0,99404.0,167831.0,10521.0,6017.0
"Gettysburg, PA",4716.0,363614.0,364632.0,7081.0,62345.0,24101.0,108829.0,3835.0,24736.0,7398.0,117042.0,6450.0,358357.0,9378.0,38355.0
"Glens Falls, NY",10263.0,184627.0,1767323.0,13610.0,98631.0,50437.0,152439.0,51714.0,1109554.0,31703.0,588489.0,215849.0,521754.0,26458.0,292319.0
"Goldsboro, NC",1990.0,675574.0,12556.0,9879.0,68370.0,27622.0,121051.0,18015.0,162654.0,33488.0,51198.0,16674.0,27266.0,38657.0,340006.0
"Grand Forks, ND-MN",7273.0,7578547.0,223851.0,17112.0,131219.0,58882.0,290824.0,498224.0,9983.0,98438.0,23273.0,125665.0,611769.0,2691.0,213843.0
"Grand Island, NE",6440.0,4053503.0,39234.0,19218.0,115179.0,57669.0,172960.0,137977.0,5501.0,1345339.0,683.0,70627.0,53931.0,765.0,163654.0
"Grand Junction, CO",18856.0,353610.0,1629436.0,22298.0,92859.0,72059.0,81938.0,28920.0,2979878.0,357111.0,100582.0,38579.0,26764.0,3697440.0,114949.0
"Grand Rapids-Wyoming, MI",25058.0,2936797.0,1392670.0,139349.0,546299.0,340229.0,519208.0,64049.0,104581.0,75948.0,160422.0,174588.0,277504.0,10761.0,1137460.0
"Grants Pass, OR",3178.0,999.0,1870.0,9542.0,53405.0,24648.0,224208.0,26738.0,2547680.0,414905.0,81072.0,7753.0,119571.0,1175023.0,31505.0
"Great Falls, MT",5423.0,1592690.0,3336.0,9919.0,66206.0,42089.0,79137.0,74768.0,1373785.0,2306744.0,25636.0,41114.0,126377.0,2009792.0,46219.0
"Greeley, CO",22491.0,2994294.0,2054.0,34056.0,142889.0,116648.0,283325.0,135178.0,309.0,7317020.0,563.0,102415.0,208135.0,177426.0,24030.0
"Green Bay, WI",15498.0,2155549.0,743273.0,43948.0,221494.0,117045.0,232106.0,81173.0,74538.0,27529.0,158281.0,76915.0,238788.0,11043.0,1263774.0
"Greensboro-High Point, NC",5848.0,196729.0,2082571.0,78348.0,377345.0,176388.0,591581.0,4285.0,359735.0,114681.0,490301.0,80867.0,1042376.0,162307.0,50679.0
"Greenville, NC",1880.0,707240.0,18154.0,13163.0,70797.0,36994.0,120573.0,34630.0,269054.0,46814.0,50106.0,17148.0,5579.0,51154.0,443201.0
"Greenville-Anderson-Mauldin, SC",16002.0,19805.0,2325228.0,92631.0,483857.0,216351.0,827386.0,9933.0,1023166.0,230692.0,892551.0,214682.0,1374504.0,179320.0,114333.0
"Gulfport-Biloxi-Pascagoula, MS",39688.0,13957.0,4123.0,39353.0,271418.0,127291.0,329372.0,365094.0,1411389.0,120684.0,33312.0,159106.0,245850.0,268463.0,1814644.0
"Hagerstown-Martinsburg, MD-WV",6261.0,281309.0,788020.0,22550.0,132137.0,59386.0,167454.0,4779.0,16930.0,13515.0,187416.0,33267.0,543614.0,5465.0,8617.0
"Hammond, LA",15130.0,3740.0,2156.0,11258.0,77344.0,36865.0,137959.0,111421.0,672646.0,46777.0,22792.0,154799.0,390820.0,104802.0,640300.0
"Hanford-Corcoran, CA",13858.0,2936703.0,6.0,25565.0,67652.0,81389.0,88686.0,24315.0,204.0,692433.0,423.0,25955.0,15006.0,32035.0,288.0
"Harrisburg-Carlisle, PA",7648.0,799302.0,1972567.0,67170.0,275005.0,141393.0,334632.0,9452.0,38826.0,18082.0,318869.0,116101.0,643643.0,14419.0,31789.0
"Harrisonburg, VA",3097.0,196873.0,996604.0,13386.0,76018.0,34352.0,125995.0,340.0,57617.0,10217.0,358091.0,7316.0,618939.0,8482.0,494.0
"Hartford-West Hartford-East Hartford, CT",16571.0,109919.0,1755281.0,97951.0,427712.0,325931.0,474997.0,34802.0,68824.0,31365.0,463252.0,110722.0,146110.0,20806.0,385908.0
"Hattiesburg, MS",21297.0,22867.0,10245.0,18253.0,125178.0,55758.0,202936.0,35979.0,1989702.0,165954.0,428307.0,48668.0,396004.0,245850.0,895847.0
"Hickory-Lenoir-Morganton, NC",4766.0,92110.0,1500570.0,31971.0,250050.0,71661.0,460466.0,1757.0,338935.0,72647.0,1080175.0,76571.0,715766.0,88788.0,15214.0
"Hilton Head Island-Bluffton-Beaufort, SC",17621.0,69734.0,26852.0,10703.0,102907.0,51111.0,220432.0,799853.0,834610.0,79370.0,79954.0,506543.0,39737.0,90557.0,1041770.0
"Hinesville, GA",19389.0,14195.0,2239.0,8147.0,47801.0,25960.0,104495.0,229682.0,907751.0,107201.0,10930.0,89824.0,40053.0,132443.0,980258.0
"Homosassa Springs, FL",8603.0,1414.0,2250.0,8934.0,165924.0,39042.0,254377.0,212843.0,455012.0,24000.0,5424.0,137348.0,169304.0,29862.0,385898.0
"Hot Springs, AR",8058.0,0.0,533880.0,13548.0,65666.0,37468.0,128902.0,1119.0,498043.0,56550.0,390692.0,162194.0,146391.0,70296.0,1559.0
"Houma-Thibodaux, LA",12156.0,279332.0,1561.0,37379.0,177717.0,88482.0,61574.0,3811395.0,1271.0,19691.0,13204.0,1988458.0,273334.0,4840.0,1077504.0
"Houston-The Woodlands-Sugar Land, TX",162976.0,1920931.0,364201.0,1104400.0,1823422.0,2218453.0,1574698.0,1608138.0,1685484.0,556875.0,1056079.0,871176.0,6443164.0,350934.0,3007637.0
"Huntington-Ashland, WV-KY-OH",15603.0,22496.0,5552945.0,42894.0,255991.0,125940.0,333843.0,3305.0,27826.0,71271.0,264197.0,90029.0,509893.0,53216.0,6292.0
"Huntsville, AL",8281.0,825005.0,884179.0,42724.0,279038.0,144303.0,302986.0,21961.0,91962.0,32987.0,92410.0,131541.0,895684.0,25944.0,307340.0
"Idaho Falls, ID",128476.0,2642258.0,161379.0,14130.0,108423.0,70860.0,126363.0,154814.0,1802376.0,1351172.0,4532.0,137252.0,37894.0,8232707.0,120671.0
"Indianapolis-Carmel-Anderson, IN",28716.0,6357956.0,2325860.0,233867.0,902591.0,624055.0,904766.0,23158.0,10450.0,66760.0,124130.0,116667.0,703501.0,7254.0,61642.0
"Iowa City, IA",6962.0,2053827.0,258763.0,18134.0,128157.0,69876.0,85731.0,59260.0,2239.0,112068.0,52309.0,43710.0,447602.0,2014.0,95058.0
"Ithaca, NY",2374.0,143456.0,395649.0,5393.0,42277.0,16799.0,74254.0,9908.0,33696.0,4151.0,228388.0,44884.0,338002.0,9122.0,66111.0
"Jackson, MI",2385.0,672277.0,295775.0,16329.0,100073.0,38858.0,129381.0,44761.0,9949.0,5040.0,30103.0,43725.0,174083.0,1524.0,517725.0
"Jackson, MS",27141.0,1114851.0,1793690.0,60210.0,372606.0,206730.0,581213.0,109520.0,2351109.0,248551.0,2019243.0,267529.0,2237792.0,427815.0,1792516.0
"Jackson, TN",1881.0,1099393.0,696759.0,16141.0,78869.0,36418.0,152868.0,7283.0,80159.0,24841.0,302157.0,15639.0,367948.0,36292.0,278421.0
"Jacksonville, FL",65903.0,92877.0,36763.0,136723.0,647418.0,389404.0,770857.0,420714.0,3171608.0,314782.0,51808.0,617097.0,316636.0,490237.0,2334352.0
"Jacksonville, NC",14654.0,256378.0,4305.0,13113.0,103165.0,51872.0,117330.0,85976.0,576241.0,79883.0,85375.0,139509.0,9069.0,92505.0,678056.0
"Janesville-Beloit, WI",8285.0,1370067.0,163752.0,19009.0,107473.0,45541.0,90341.0,51881.0,4632.0,8606.0,13559.0,18351.0,136952.0,4240.0,46895.0
"Jefferson City, MO",10001.0,781710.0,2416451.0,16541.0,124908.0,62538.0,235075.0,15599.0,51982.0,31619.0,408174.0,96330.0,2203295.0,27000.0,75921.0
"Johnson City, TN",2761.0,11254.0,984589.0,14291.0,102183.0,41983.0,197175.0,182.0,25896.0,8148.0,503064.0,24680.0,557021.0,10654.0,1951.0
"Johnstown, PA",11137.0,98579.0,932990.0,8901.0,67498.0,27274.0,125837.0,1046.0,96748.0,43775.0,333752.0,14784.0,213782.0,13881.0,5608.0
"Jonesboro, AR",5937.0,3140090.0,141480.0,15670.0,94514.0,59020.0,147933.0,13962.0,5021.0,5269.0,61594.0,52486.0,134818.0,2651.0,368066.0
"Joplin, MO",14624.0,446560.0,918844.0,25357.0,129174.0,67541.0,178700.0,1753.0,602.0,17372.0,14690.0,12901.0,1771941.0,20323.0,28767.0
"Kalamazoo-Portage, MI",7476.0,1357624.0,646332.0,35167.0,197973.0,96279.0,220547.0,34098.0,25542.0,22599.0,52743.0,77848.0,70439.0,3774.0,614817.0
"Kankakee, IL",4795.0,1583821.0,67422.0,14749.0,105126.0,43130.0,47523.0,3470.0,397.0,14400.0,8176.0,13519.0,33950.0,1482.0,18511.0
"Kansas City, MO-KS",50421.0,5561713.0,3497181.0,243387.0,1319736.0,621116.0,1023848.0,94468.0,2817.0,82900.0,138350.0,339496.0,7788555.0,37993.0,416492.0
"Kennewick-Richland, WA",3811.0,3613745.0,401.0,25354.0,189535.0,164249.0,154261.0,29347.0,421.0,1929110.0,61.0,246285.0,56548.0,2276036.0,16791.0
"Killeen-Temple, TX",28595.0,793148.0,321778.0,55584.0,193975.0,156641.0,289389.0,6329.0,1159032.0,2853353.0,15855.0,105600.0,288538.0,1827305.0,130621.0
"Kingsport-Bristol-Bristol, TN-VA",8983.0,12092.0,3084404.0,32674.0,209457.0,87551.0,370324.0,3613.0,64452.0,76969.0,321239.0,84683.0,1484942.0,41397.0,9329.0
"Kingston, NY",6382.0,32299.0,1607866.0,11593.0,73288.0,34667.0,176354.0,12803.0,129385.0,11543.0,706718.0,96597.0,212977.0,8778.0,218663.0
"Knoxville, TN",26937.0,52059.0,4755739.0,99635.0,551403.0,298138.0,741660.0,4869.0,303445.0,192986.0,1115836.0,419230.0,1777805.0,134891.0,28795.0
"Kokomo, IN",1126.0,632252.0,41199.0,10981.0,47588.0,28022.0,47244.0,2227.0,378.0,2559.0,2588.0,4391.0,16072.0,342.0,8852.0
"La Crosse-Onalaska, WI-MN",3311.0,620957.0,1134735.0,15233.0,90659.0,50615.0,87015.0,89863.0,23653.0,34525.0,87969.0,103348.0,563140.0,3866.0,109494.0
"Lafayette, LA",3296.0,3068141.0,5575.0,48058.0,485890.0,149827.0,246785.0,2120250.0,32607.0,32625.0,60384.0,875585.0,1021226.0,9764.0,2372008.0
"Lafayette-West Lafayette, IN",3946.0,2863039.0,259906.0,24605.0,120827.0,71015.0,140048.0,7008.0,890.0,14125.0,35235.0,22294.0,94953.0,479.0,38195.0
"Lake Charles, LA",29241.0,498007.0,1810.0,54630.0,254882.0,111573.0,139579.0,3095378.0,490164.0,92480.0,63397.0,1493055.0,858461.0,67108.0,616573.0
"Lake Havasu City-Kingman, AZ",584213.0,72975.0,24091.0,22990.0,159868.0,107895.0,291778.0,50745.0,3303705.0,891420.0,2668.0,264684.0,3411.0,32850240.0,108493.0
"Lakeland-Winter Haven, FL",78114.0,507245.0,16739.0,64411.0,296861.0,187541.0,460619.0,343279.0,346893.0,323831.0,67556.0,458229.0,835343.0,256489.0,1542471.0
"Lancaster, PA",8687.0,1173346.0,365317.0,46814.0,220807.0,111517.0,258586.0,4662.0,4358.0,7890.0,135728.0,96616.0,352545.0,27134.0,16996.0
"Lansing-East Lansing, MI",6684.0,2558560.0,394184.0,56310.0,252236.0,142349.0,280593.0,51916.0,8275.0,6213.0,45696.0,33690.0,363146.0,922.0,733706.0
"Laredo, TX",49842.0,8213.0,3979.0,51107.0,97710.0,112953.0,72668.0,39103.0,17653.0,734569.0,7492.0,31952.0,303628.0,8098343.0,86991.0
"Las Cruces, NM",202469.0,410351.0,1.0,21508.0,97507.0,78965.0,124223.0,1750.0,56483.0,2210469.0,0.0,19160.0,361.0,7755123.0,2529.0
"Las Vegas-Henderson-Paradise, NV",620032.0,15391.0,2201.0,264672.0,305702.0,612135.0,169728.0,43248.0,1070396.0,3539997.0,16166.0,308682.0,4158.0,16164142.0,59624.0
"Lawrence, KS",3536.0,289579.0,247782.0,9340.0,69535.0,31582.0,52725.0,6041.0,3058.0,33596.0,26522.0,55297.0,527458.0,3300.0,6402.0
"Lawton, OK",17268.0,1160105.0,279421.0,20715.0,79378.0,70740.0,143434.0,3425.0,8727.0,2935264.0,28911.0,65425.0,7577.0,145835.0,714.0
"Lebanon, PA",2705.0,327080.0,290524.0,16897.0,71163.0,33494.0,81285.0,1872.0,5839.0,3565.0,46899.0,5245.0,143368.0,5068.0,8235.0
"Lewiston, ID-WA",300.0,1057576.0,8275.0,4902.0,46144.0,30443.0,84901.0,11055.0,737681.0,1642077.0,1839.0,38681.0,33303.0,607079.0,3144.0
"Lewiston-Auburn, ME",10537.0,10784.0,155662.0,14022.0,61000.0,39185.0,60192.0,18337.0,200947.0,19206.0,461324.0,73533.0,142267.0,22108.0,141374.0
"Lexington-Fayette, KY",6900.0,132171.0,634605.0,49778.0,172717.0,136954.0,230275.0,900.0,26789.0,10364.0,174818.0,19639.0,2664637.0,9797.0,963.0
"Lima, OH",906.0,794511.0,93819.0,18220.0,72589.0,40123.0,88060.0,3410.0,781.0,8696.0,859.0,11722.0,32891.0,247.0,4375.0
"Lincoln, NE",3959.0,2522737.0,180781.0,42919.0,153623.0,104761.0,146726.0,20052.0,886.0,801566.0,3871.0,39405.0,60261.0,1224.0,10220.0
"Little Rock-North Little Rock-Conway, AR",36263.0,1605352.0,1848287.0,104489.0,460005.0,254804.0,554457.0,68679.0,2455669.0,384494.0,781268.0,316806.0,1649955.0,351783.0,1209552.0
"Logan, UT-ID",1130.0,1129831.0,954864.0,13268.0,71222.0,36681.0,119328.0,59230.0,790660.0,77009.0,72579.0,36527.0,111787.0,1802425.0,20317.0
"Longview, TX",18498.0,116.0,244929.0,39781.0,272624.0,112877.0,172207.0,47300.0,891539.0,210180.0,954359.0,84905.0,1405886.0,188812.0,555591.0
"Longview, WA",15094.0,6489.0,154827.0,19736.0,75413.0,40809.0,128367.0,41127.0,2012297.0,148966.0,163511.0,83689.0,111798.0,298750.0,55997.0
"Los Angeles-Long Beach-Anaheim, CA",126189.0,29070.0,246.0,1012847.0,1110023.0,2388709.0,789599.0,49419.0,298830.0,1692114.0,148356.0,108233.0,186474.0,6122165.0,38839.0
"Louisville/Jefferson County, KY-IN",25869.0,1432988.0,3788313.0,149949.0,445355.0,289097.0,719946.0,9769.0,92609.0,60944.0,691251.0,153068.0,2473702.0,29136.0,113675.0
"Lubbock, TX",12485.0,4930637.0,6844.0,36317.0,151429.0,91456.0,293976.0,51068.0,4078.0,1201820.0,6.0,41040.0,45162.0,881188.0,9589.0
"Lynchburg, VA",3843.0,44484.0,2274901.0,20484.0,213434.0,58704.0,279700.0,1799.0,475832.0,277378.0,964486.0,71452.0,1280822.0,196365.0,14090.0
"Macon-Bibb County, GA",29126.0,110154.0,940505.0,29694.0,139188.0,66892.0,254245.0,20814.0,1386228.0,350572.0,574651.0,74168.0,367196.0,207246.0,449983.0
"Madera, CA",100503.0,1674875.0,50447.0,10987.0,55078.0,34833.0,156734.0,18585.0,1303549.0,1846433.0,9963.0,34922.0,10728.0,873275.0,7854.0
"Madison, WI",19478.0,4316453.0,1501379.0,57284.0,376664.0,182246.0,350445.0,445679.0,44506.0,18663.0,246390.0,195651.0,1650418.0,22216.0,316804.0
"Manchester-Nashua, NH",13886.0,5273.0,352941.0,44927.0,164592.0,137854.0,146118.0,22389.0,476360.0,30716.0,797745.0,43166.0,89384.0,42031.0,200439.0
"Manhattan, KS",11193.0,779146.0,470276.0,12460.0,97910.0,41045.0,105831.0,39768.0,19999.0,2260032.0,19611.0,95546.0,294438.0,7078.0,15409.0
"Mankato-North Mankato, MN",8211.0,2672658.0,165811.0,18457.0,68144.0,55042.0,110521.0,172295.0,267.0,28235.0,1830.0,88294.0,55226.0,758.0,101313.0
"Mansfield, OH",1028.0,514054.0,314727.0,17476.0,66372.0,34118.0,101234.0,2196.0,11075.0,5766.0,124255.0,12232.0,214299.0,3286.0,17145.0
"McAllen-Edinburg-Mission, TX",47284.0,1416310.0,36116.0,84682.0,298974.0,236428.0,237788.0,17624.0,24919.0,455057.0,32824.0,46368.0,717967.0,866731.0,36860.0
"Medford, OR",12941.0,3517.0,61562.0,24995.0,98820.0,62647.0,223483.0,29133.0,5078889.0,460727.0,150417.0,33444.0,478677.0,1311460.0,30533.0
"Memphis, TN-MS-AR",27666.0,4495415.0,2200738.0,184009.0,611847.0,421998.0,702293.0,93009.0,619851.0,94754.0,995198.0,464349.0,2136965.0,155831.0,1495937.0
"Merced, CA",26095.0,2561057.0,219.0,21935.0,95385.0,82793.0,149295.0,499677.0,2067.0,1888278.0,72326.0,81568.0,75501.0,126984.0,11087.0
"Miami-Fort Lauderdale-West Palm Beach, FL",41386.0,2357148.0,1244.0,442111.0,1303188.0,1122873.0,724376.0,7149413.0,28027.0,37080.0,15054.0,1143666.0,77400.0,36177.0,1265538.0
"Michigan City-La Porte, IN",2295.0,1034663.0,196143.0,14165.0,78474.0,38308.0,70086.0,20019.0,5538.0,43040.0,9478.0,14054.0,65694.0,9806.0,136256.0
"Midland, MI",2502.0,354378.0,234144.0,13451.0,62898.0,27292.0,65074.0,22779.0,9836.0,21343.0,32932.0,14366.0,22429.0,5927.0,630189.0
"Midland, TX",27265.0,1294436.0,1931.0,24126.0,132647.0,78214.0,228695.0,12540.0,127.0,68671.0,50.0,13715.0,3704.0,3290238.0,54303.0
"Milwaukee-Waukesha-West Allis, WI",26524.0,997358.0,397026.0,160470.0,573239.0,406160.0,420955.0,191947.0,29002.0,30201.0,37572.0,96110.0,459612.0,7264.0,465291.0
"Minneapolis-St. Paul-Bloomington, MN-WI",60394.0,8280265.0,2997528.0,404569.0,1340213.0,1052630.0,1366085.0,1874588.0,178008.0,141222.0,331323.0,1309682.0,3056691.0,35523.0,937676.0
"Missoula, MT",68355.0,49444.0,9192.0,8381.0,61741.0,42734.0,65977.0,61023.0,5028569.0,567295.0,5765.0,58595.0,112479.0,1320729.0,70997.0
"Mobile, AL",23912.0,119162.0,5680.0,38918.0,173453.0,101335.0,316245.0,117338.0,1178824.0,122569.0,112867.0,107762.0,244241.0,193258.0,795542.0
"Modesto, CA",10417.0,1800897.0,464.0,54691.0,107337.0,152418.0,112428.0,33969.0,997.0,1681818.0,95831.0,46543.0,94239.0,144178.0,20339.0
"Monroe, LA",11359.0,284677.0,66784.0,23973.0,176219.0,72397.0,158219.0,60282.0,1491387.0,162285.0,147288.0,138701.0,129208.0,259855.0,1239962.0
"Monroe, MI",11857.0,921450.0,177611.0,23905.0,114539.0,59600.0,112310.0,34018.0,822.0,10215.0,4833.0,37188.0,66569.0,1581.0,47745.0
"Montgomery, AL",23529.0,215024.0,1217581.0,35591.0,205774.0,117315.0,368500.0,66957.0,1558175.0,270373.0,754046.0,209736.0,1664898.0,318459.0,992566.0
"Morgantown, WV",8578.0,28121.0,1847434.0,11973.0,56993.0,35054.0,167795.0,6544.0,10257.0,34008.0,278147.0,25973.0,382966.0,26701.0,7429.0
"Morristown, TN",16429.0,24545.0,333660.0,11251.0,70406.0,34898.0,119820.0,935.0,39851.0,16280.0,66522.0,134262.0,532526.0,7561.0,1392.0
"Mount Vernon-Anacortes, WA",216277.0,244055.0,154877.0,20098.0,92569.0,54872.0,138381.0,66328.0,2942309.0,127950.0,329106.0,71543.0,163520.0,312228.0,70652.0
"Muncie, IN",1572.0,763809.0,92166.0,10852.0,62360.0,29685.0,79634.0,4282.0,735.0,7701.0,1727.0,10941.0,60582.0,584.0,12567.0
"Muskegon, MI",7582.0,287863.0,425772.0,22713.0,111289.0,56984.0,104177.0,30385.0,64870.0,66626.0,103525.0,59495.0,6130.0,6686.0,163626.0
"Myrtle Beach-Conway-North Myrtle Beach, SC-NC",19439.0,731662.0,4125.0,37792.0,308503.0,174684.0,383564.0,256076.0,1093752.0,143755.0,11764.0,163916.0,17588.0,226900.0,2290419.0
"Napa, CA",983.0,160480.0,17751.0,14117.0,45270.0,44928.0,56155.0,37391.0,169334.0,999734.0,95948.0,121098.0,6276.0,495297.0,4561.0
"Naples-Immokalee-Marco Island, FL",7028.0,203657.0,296.0,39059.0,203611.0,151331.0,200982.0,1325828.0,257979.0,26507.0,66141.0,231429.0,226195.0,13302.0,3101147.0
"Nashville-Davidson--Murfreesboro--Franklin, TN",28948.0,881484.0,6734946.0,186119.0,832541.0,483999.0,1282959.0,22060.0,700165.0,133024.0,1583165.0,245080.0,5081334.0,113574.0,45070.0
"New Bern, NC",7046.0,735393.0,25069.0,10620.0,85370.0,33241.0,177638.0,208975.0,928276.0,114517.0,192533.0,164674.0,16125.0,157747.0,1658109.0
"New Haven-Milford, CT",7013.0,10182.0,689766.0,71175.0,237164.0,220015.0,239965.0,27725.0,6801.0,14570.0,80515.0,45589.0,32843.0,4793.0,98253.0
"New Orleans-Metairie, LA",51482.0,239151.0,9456.0,175159.0,481835.0,372236.0,283308.0,3807781.0,830355.0,74088.0,20544.0,5145845.0,286775.0,79391.0,2013201.0
"New York-Newark-Jersey City, NY-NJ-PA",151935.0,564261.0,7675673.0,1279712.0,2726762.0,2309980.0,3238602.0,437514.0,615922.0,164101.0,1010723.0,1978021.0,1527038.0,109292.0,2190495.0
"Niles-Benton Harbor, MI",7094.0,789953.0,282838.0,17590.0,126477.0,54590.0,132757.0,11028.0,6041.0,13041.0,20741.0,23878.0,3918.0,1356.0,179360.0
"North Port-Sarasota-Bradenton, FL",22467.0,116224.0,24968.0,84864.0,364799.0,316482.0,355544.0,191020.0,133420.0,28475.0,61826.0,288846.0,909173.0,103711.0,1030684.0
"Norwich-New London, CT",8134.0,31258.0,983407.0,29359.0,106308.0,92734.0,120945.0,27735.0,21509.0,24817.0,157257.0,87648.0,80281.0,13307.0,223849.0
"Ocala, FL",17903.0,42406.0,4808.0,22665.0,224063.0,91877.0,478592.0,103876.0,1974122.0,99193.0,7228.0,87110.0,985989.0,220341.0,424661.0
"Ocean City, NJ",11137.0,28832.0,47901.0,30347.0,51290.0,35941.0,47475.0,191579.0,9966.0,3834.0,48543.0,99879.0,2203.0,4351.0,209314.0
"Odessa, TX",10400.0,1035.0,9.0,18356.0,81681.0,63533.0,129279.0,2389.0,1.0,56798.0,0.0,731.0,0.0,2217757.0,12791.0
"Ogden-Clearfield, UT",4913503.0,1186259.0,1476554.0,87568.0,240468.0,218454.0,227766.0,666096.0,884433.0,2022531.0,35147.0,2721140.0,274268.0,9834940.0,56766.0
"Oklahoma City, OK",29470.0,2278249.0,3088333.0,213017.0,511712.0,555811.0,773185.0,37661.0,157607.0,7407428.0,16510.0,210950.0,583050.0,171931.0,27224.0
"Olympia-Tumwater, WA",7646.0,4240.0,73940.0,25570.0,148170.0,82469.0,132957.0,56030.0,821161.0,61715.0,177792.0,92346.0,258932.0,136821.0,108230.0
"Omaha-Council Bluffs, NE-IA",46621.0,8836260.0,645852.0,122765.0,553943.0,324567.0,399129.0,88616.0,16819.0,770104.0,11393.0,174573.0,546294.0,10705.0,134551.0
"Orlando-Kissimmee-Sanford, FL",40994.0,116910.0,12944.0,173107.0,811424.0,600967.0,944492.0,722475.0,924767.0,89007.0,120252.0,1119119.0,2286876.0,369458.0,3210749.0
"Oshkosh-Neenah, WI",4825.0,648468.0,30785.0,23626.0,97594.0,64706.0,59684.0,179937.0,1181.0,1673.0,6953.0,397159.0,83148.0,304.0,64707.0
"Owensboro, KY",3391.0,1222008.0,649626.0,13761.0,58483.0,33512.0,123287.0,9173.0,5110.0,12495.0,61474.0,87974.0,315546.0,12158.0,73240.0
"Oxnard-Thousand Oaks-Ventura, CA",32072.0,291153.0,97.0,36781.0,186314.0,237273.0,195720.0,40869.0,566444.0,916696.0,100866.0,18943.0,30270.0,2669316.0,22715.0
"Palm Bay-Melbourne-Titusville, FL",13970.0,54547.0,1912.0,57667.0,287950.0,197133.0,267336.0,526883.0,129768.0,26868.0,11977.0,821991.0,295740.0,30374.0,1002275.0
"Panama City, FL",59416.0,11776.0,3428.0,27162.0,145230.0,97754.0,214518.0,366148.0,571666.0,294234.0,1536.0,375552.0,13882.0,262423.0,1735834.0
"Parkersburg-Vienna, WV",855.0,3249.0,1117050.0,10501.0,53299.0,29297.0,104167.0,442.0,21025.0,12558.0,153936.0,35825.0,202742.0,14248.0,929.0
"Pensacola-Ferry Pass-Brent, FL",41764.0,414163.0,5107.0,44582.0,252882.0,139124.0,356132.0,93836.0,1837469.0,215806.0,53780.0,620401.0,142004.0,264705.0,969868.0
"Peoria, IL",8336.0,4899564.0,794421.0,53496.0,351332.0,168667.0,197181.0,35563.0,1678.0,16190.0,114251.0,160693.0,356481.0,3119.0,84805.0
"Philadelphia-Camden-Wilmington, PA-NJ-DE-MD",38252.0,1846071.0,2254579.0,476572.0,1496262.0,910135.0,1995088.0,340465.0,383760.0,95070.0,680034.0,355073.0,1207564.0,112006.0,1469235.0
"Phoenix-Mesa-Scottsdale, AZ",992257.0,2789102.0,69.0,471251.0,1090885.0,1423585.0,995395.0,78865.0,143652.0,5200359.0,885.0,90474.0,33611.0,28405788.0,294610.0
"Pine Bluff, AR",6832.0,2007197.0,200312.0,19042.0,147251.0,55086.0,136371.0,65339.0,1491724.0,157109.0,67304.0,128879.0,129163.0,166835.0,1221101.0
"Pittsburgh, PA",41680.0,1055362.0,6805750.0,267504.0,1004149.0,640662.0,1355176.0,10279.0,27363.0,138607.0,1824137.0,180053.0,1898950.0,86121.0,38754.0
"Pittsfield, MA",5439.0,16103.0,982893.0,14174.0,66361.0,45489.0,120033.0,16540.0,109117.0,12827.0,884914.0,43025.0,143487.0,9911.0,253014.0
"Pocatello, ID",1665.0,581275.0,114635.0,6993.0,41130.0,32253.0,68367.0,51018.0,458356.0,133682.0,15779.0,37593.0,9131.0,1682635.0,69411.0
"Port St. Lucie, FL",10157.0,737127.0,2845.0,36637.0,248622.0,138609.0,271416.0,210144.0,66953.0,24134.0,11460.0,511762.0,714225.0,21534.0,706139.0
"Portland-South Portland, ME",36280.0,5727.0,633069.0,57633.0,300386.0,168282.0,390816.0,170096.0,971960.0,91199.0,2028288.0,518385.0,344971.0,80560.0,747846.0
"Portland-Vancouver-Hillsboro, OR-WA",135672.0,799448.0,292873.0,241409.0,790028.0,613789.0,814421.0,268571.0,9989722.0,1059367.0,1202520.0,358117.0,1715489.0,1059873.0,288840.0
"Prescott, AZ",28087.0,4708.0,44.0,17558.0,131640.0,72474.0,239772.0,15976.0,3683309.0,1419163.0,1383.0,24526.0,6311.0,17700784.0,46242.0
"Providence-Warwick, RI-MA",42451.0,32733.0,1048556.0,244878.0,408616.0,520897.0,330722.0,72453.0,224017.0,110778.0,660404.0,251405.0,139731.0,49903.0,723197.0
"Provo-Orem, UT",365781.0,593444.0,1410316.0,71150.0,185535.0,202841.0,193481.0,145140.0,1563716.0,1419121.0,35084.0,407864.0,155419.0,9195599.0,23932.0
"Pueblo, CO",4254.0,111513.0,43163.0,29894.0,81733.0,85531.0,110217.0,85088.0,295354.0,5116515.0,7007.0,33947.0,2339.0,882058.0,14945.0
"Punta Gorda, FL",6544.0,79930.0,2928.0,16839.0,160003.0,74671.0,186806.0,274371.0,60408.0,9393.0,23868.0,139208.0,345711.0,76205.0,692122.0
"Racine, WI",5120.0,454657.0,84050.0,27327.0,85426.0,66530.0,54986.0,25200.0,1629.0,16354.0,8124.0,21020.0,66540.0,1578.0,61214.0
"Raleigh, NC",15665.0,834759.0,470703.0,71411.0,480577.0,281409.0,691694.0,32988.0,901683.0,189661.0,797589.0,111564.0,501198.0,115976.0,683404.0
"Rapid City, SD",475126.0,1357506.0,36098.0,22945.0,116984.0,76689.0,193389.0,229702.0,3481434.0,14407161.0,61320.0,79889.0,1020994.0,899748.0,63983.0
"Reading, PA",6071.0,589744.0,851855.0,39316.0,140432.0,76505.0,248489.0,3480.0,3804.0,9258.0,117443.0,20097.0,339344.0,18594.0,27589.0
"Redding, CA",31555.0,37800.0,58908.0,19261.0,81982.0,61827.0,288522.0,82572.0,5212828.0,1431084.0,125583.0,128254.0,190186.0,3274482.0,46710.0
"Reno, NV",544441.0,22927.0,2422.0,81921.0,153710.0,174171.0,81595.0,100365.0,456340.0,3198952.0,15999.0,616057.0,17995.0,14056776.0,57806.0
"Richmond, VA",35916.0,1377501.0,1738671.0,103675.0,533232.0,279417.0,854492.0,123711.0,2549202.0,599311.0,2472127.0,321504.0,575351.0,540659.0,1415707.0
"Riverside-San Bernardino-Ontario, CA",7871916.0,950526.0,1249.0,317682.0,1199874.0,1389434.0,1490465.0,109147.0,947169.0,4887100.0,131462.0,343821.0,123218.0,59025378.0,88193.0
"Roanoke, VA",4250.0,69660.0,2474447.0,34278.0,212187.0,95688.0,255781.0,1385.0,216995.0,97104.0,1045462.0,66701.0,803566.0,73769.0,3389.0
"Rochester, MN",13136.0,4148655.0,1030841.0,23808.0,207573.0,100410.0,198020.0,72807.0,16332.0,239811.0,94929.0,80047.0,897876.0,2509.0,85411.0
"Rochester, NY",19080.0,3083690.0,2191525.0,73858.0,417415.0,187026.0,669478.0,83569.0,81577.0,24012.0,439554.0,257869.0,1220371.0,47427.0,845302.0
"Rockford, IL",6878.0,1367841.0,158679.0,41809.0,224769.0,113590.0,127345.0,16078.0,5521.0,13408.0,11011.0,21063.0,140630.0,1876.0,55321.0
"Rocky Mount, NC",2527.0,1017986.0,101216.0,13049.0,95107.0,35781.0,163941.0,30729.0,453311.0,78748.0,186872.0,26991.0,88376.0,86739.0,639280.0
"Rome, GA",3803.0,33505.0,451039.0,11677.0,58988.0,25395.0,100905.0,4356.0,255053.0,58745.0,170604.0,25431.0,233426.0,44277.0,14878.0
"Sacramento--Roseville--Arden-Arcade, CA",91672.0,2745185.0,98568.0,204442.0,449288.0,608607.0,657497.0,108578.0,5105738.0,2000301.0,204494.0,587570.0,99943.0,2265999.0,42859.0
"Saginaw, MI",2598.0,1311375.0,221084.0,31684.0,158236.0,74301.0,96334.0,37462.0,6468.0,8037.0,38542.0,25643.0,38216.0,1424.0,296936.0
"Salem, OR",15971.0,1066874.0,45622.0,48758.0,181564.0,135286.0,179021.0,45042.0,1467585.0,864742.0,259243.0,42743.0,898159.0,231431.0,84738.0
"Salinas, CA",23944.0,1000441.0,171.0,28811.0,116516.0,105347.0,226360.0,69996.0,882998.0,3363591.0,523953.0,25427.0,61412.0,3044040.0,68499.0
"Salisbury, MD-DE",28435.0,2050694.0,95731.0,47654.0,236416.0,142060.0,370948.0,458394.0,472044.0,14522.0,318283.0,583970.0,22314.0,30824.0,1735467.0
"Salt Lake City, UT",7987363.0,81498.0,390409.0,182657.0,282683.0,361990.0,164540.0,249598.0,1116349.0,2073844.0,15702.0,789030.0,112666.0,9452278.0,29653.0
"San Angelo, TX",8145.0,968768.0,32963.0,23399.0,101875.0,67999.0,140732.0,3775.0,18249.0,125136.0,4477.0,38163.0,3336.0,5913272.0,9870.0
"San Antonio-New Braunfels, TX",115186.0,1388411.0,927905.0,287050.0,763581.0,692044.0,957836.0,25242.0,3313057.0,607445.0,165805.0,137118.0,2930719.0,8683448.0,216804.0
"San Diego-Carlsbad, CA",1456976.0,51158.0,973.0,258280.0,521232.0,784936.0,715430.0,96609.0,246923.0,1104249.0,178051.0,105190.0,36108.0,6622796.0,78888.0
"San Francisco-Oakland-Hayward, CA",20288.0,278247.0,33840.0,358816.0,503189.0,857311.0,486714.0,168743.0,649338.0,1471638.0,1007464.0,337439.0,18694.0,1157123.0,25877.0
"San Jose-Sunnyvale-Santa Clara, CA",6623.0,270215.0,1164.0,141876.0,239382.0,430083.0,221696.0,43978.0,431769.0,2842993.0,1089099.0,65442.0,24298.0,1915714.0,19490.0
"San Luis Obispo-Paso Robles-Arroyo Grande, CA",50357.0,455741.0,60.0,13188.0,108356.0,79455.0,393470.0,75583.0,508805.0,4357657.0,698012.0,36005.0,38407.0,2715059.0,34836.0
"Santa Cruz-Watsonville, CA",2573.0,47893.0,300.0,13795.0,42894.0,46657.0,129652.0,3772.0,441814.0,298875.0,155728.0,5492.0,10067.0,81515.0,4836.0
"Santa Fe, NM",5746.0,70645.0,14773.0,6762.0,47321.0,30061.0,144992.0,1661.0,1282579.0,1157079.0,16780.0,2876.0,1054.0,2713727.0,4797.0
"Santa Maria-Santa Barbara, CA",12069.0,329973.0,42.0,16605.0,120720.0,106950.0,232182.0,60491.0,607138.0,1537436.0,416394.0,28671.0,48569.0,4372771.0,28247.0
"Santa Rosa, CA",5170.0,287530.0,33615.0,40476.0,137538.0,137880.0,216600.0,73220.0,1167856.0,1271893.0,290325.0,42874.0,53412.0,801169.0,21560.0
"Savannah, GA",26735.0,107139.0,5470.0,54118.0,173334.0,104555.0,235625.0,564343.0,1011648.0,150234.0,25012.0,262729.0,45985.0,127492.0,1216868.0
"Scranton--Wilkes-Barre--Hazleton, PA",41412.0,87493.0,2586554.0,74574.0,172968.0,163527.0,306087.0,32100.0,85143.0,39970.0,666986.0,85630.0,543068.0,40286.0,186284.0
"Seattle-Tacoma-Bellevue, WA",385943.0,66609.0,361021.0,377436.0,1091902.0,910975.0,866260.0,148023.0,8806395.0,440782.0,1585022.0,361268.0,506472.0,904167.0,342996.0
"Sebastian-Vero Beach, FL",4116.0,342221.0,237.0,12654.0,92465.0,49870.0,103852.0,119299.0,28339.0,9930.0,8718.0,163408.0,177902.0,13074.0,428736.0
"Sebring, FL",5493.0,368852.0,6144.0,8423.0,104708.0,36947.0,172949.0,163075.0,91715.0,28466.0,28113.0,206861.0,1099891.0,160972.0,701345.0
"Sheboygan, WI",4111.0,720759.0,113487.0,16175.0,77200.0,52594.0,57327.0,39398.0,14207.0,7986.0,44141.0,9494.0,145601.0,1810.0,185504.0
"Sherman-Denison, TX",4242.0,342805.0,504382.0,19266.0,78020.0,44281.0,131286.0,5454.0,67561.0,996599.0,8211.0,135560.0,426701.0,43305.0,9632.0
"Shreveport-Bossier City, LA",23873.0,273836.0,276595.0,95310.0,369558.0,223575.0,319765.0,112433.0,3287847.0,402947.0,641308.0,291189.0,1013982.0,455382.0,1746512.0
"Sierra Vista-Douglas, AZ",187953.0,740556.0,2485.0,8381.0,57027.0,35791.0,249527.0,7592.0,1055933.0,2792874.0,72870.0,4784.0,3834.0,12640897.0,33369.0
"Sioux City, IA-NE-SD",18811.0,6494795.0,275107.0,33784.0,156666.0,93588.0,269400.0,89830.0,2844.0,712378.0,8450.0,71846.0,247878.0,3057.0,36754.0
"Sioux Falls, SD",10301.0,5579705.0,68755.0,35844.0,114735.0,94175.0,324337.0,149382.0,332.0,185638.0,3457.0,64473.0,806850.0,457.0,3912.0
"South Bend-Mishawaka, IN-MI",5237.0,1400216.0,395133.0,40136.0,200057.0,108613.0,194252.0,22500.0,9688.0,12352.0,14784.0,48021.0,57819.0,2157.0,279465.0
"Spartanburg, SC",6011.0,7592.0,904575.0,44644.0,222342.0,89020.0,343674.0,5205.0,837379.0,120495.0,414506.0,37710.0,604246.0,113412.0,91176.0
"Spokane-Spokane Valley, WA",6544.0,1545119.0,15396.0,49750.0,358627.0,216876.0,306287.0,249987.0,9028427.0,1491365.0,12467.0,294360.0,140774.0,2666706.0,153537.0
"Springfield, IL",2947.0,2418294.0,215894.0,28166.0,182986.0,109760.0,89104.0,2482.0,242.0,4303.0,47792.0,36234.0,233707.0,1753.0,58095.0
"Springfield, MA",9953.0,61080.0,987334.0,55169.0,202897.0,158374.0,232359.0,16032.0,155795.0,24613.0,940870.0,90037.0,141528.0,16841.0,301482.0
"Springfield, MO",12725.0,57555.0,3015638.0,54585.0,345304.0,164727.0,304268.0,2053.0,111617.0,36346.0,304912.0,29529.0,4178218.0,57830.0,17678.0
"Springfield, OH",1485.0,698907.0,121040.0,12120.0,72983.0,36742.0,89040.0,4033.0,1364.0,8197.0,1945.0,17305.0,89434.0,183.0,4009.0
"St. Cloud, MN",8675.0,2895581.0,466813.0,38610.0,150659.0,106353.0,146710.0,431806.0,10228.0,27515.0,23988.0,148149.0,583418.0,2502.0,148037.0
"St. George, UT",34131.0,26190.0,164135.0,14783.0,67552.0,59417.0,82590.0,6649.0,2097835.0,398445.0,10829.0,11885.0,18847.0,3975145.0,25792.0
"St. Joseph, MO-KS",5587.0,2245983.0,750217.0,16967.0,128033.0,45569.0,165785.0,32432.0,1162.0,29166.0,20272.0,59458.0,1242326.0,6916.0,71643.0
"St. Louis, MO-IL",56485.0,7956536.0,5852332.0,342502.0,1565274.0,877931.0,1086705.0,146071.0,89348.0,101632.0,1126957.0,663451.0,2559060.0,36558.0,797537.0
"State College, PA",10843.0,272398.0,1873383.0,8396.0,77350.0,30045.0,144159.0,4072.0,99538.0,40092.0,364830.0,14662.0,239739.0,11005.0,12451.0
"Staunton-Waynesboro, VA",3211.0,117316.0,1021843.0,12804.0,93632.0,34930.0,139187.0,872.0,117941.0,13523.0,489161.0,3715.0,836042.0,8474.0,1618.0
"Stockton-Lodi, CA",5138.0,2593352.0,0.0,107894.0,142665.0,241477.0,114651.0,22841.0,48.0,686046.0,11466.0,89880.0,38638.0,32948.0,18458.0
"Sumter, SC",1570.0,449920.0,13675.0,8590.0,70520.0,28319.0,123907.0,43528.0,300106.0,48064.0,28881.0,17721.0,37642.0,64257.0,726509.0
"Syracuse, NY",15157.0,783502.0,2435367.0,57647.0,271524.0,136699.0,416437.0,60774.0,373501.0,47528.0,243018.0,286543.0,1087449.0,92006.0,845073.0
"Tallahassee, FL",15082.0,234192.0,33442.0,21244.0,149890.0,68437.0,373668.0,249384.0,2595221.0,337592.0,203198.0,127905.0,158562.0,322604.0,2228338.0
"Tampa-St. Petersburg-Clearwater, FL",63912.0,138557.0,3950.0,287092.0,938185.0,859300.0,890858.0,296920.0,912105.0,122385.0,32305.0,339969.0,1076083.0,109123.0,1643064.0
"Terre Haute, IN",19222.0,2194219.0,974485.0,19681.0,127619.0,54255.0,205158.0,16180.0,15723.0,41564.0,141207.0,91569.0,269915.0,15346.0,86923.0
"Texarkana, TX-AR",26683.0,460019.0,519357.0,26253.0,208371.0,83780.0,169064.0,87415.0,908370.0,177663.0,381047.0,224292.0,1641145.0,202614.0,1000395.0
"The Villages, FL",9967.0,2484.0,558.0,10826.0,56438.0,54513.0,99367.0,71003.0,256803.0,28101.0,929.0,30329.0,451883.0,14967.0,580798.0
"Toledo, OH",12941.0,2608130.0,241440.0,108125.0,290870.0,214050.0,226648.0,35840.0,8453.0,20470.0,6618.0,45081.0,79811.0,1174.0,60123.0
"Topeka, KS",11212.0,1943424.0,1134830.0,29546.0,238178.0,76481.0,302057.0,23406.0,6626.0,2321566.0,117374.0,188368.0,3035684.0,13064.0,26251.0
"Trenton, NJ",1262.0,67215.0,115333.0,27189.0,97479.0,63433.0,121520.0,3868.0,1465.0,1625.0,13627.0,8561.0,45268.0,2864.0,87841.0
"Tucson, AZ",266911.0,129256.0,3143.0,81167.0,361791.0,288894.0,354377.0,14046.0,349944.0,2870620.0,2336.0,8319.0,2335.0,21526997.0,180568.0
"Tulsa, OK",36019.0,570868.0,5939652.0,144222.0,488479.0,327743.0,810330.0,65599.0,30860.0,5534993.0,18604.0,582443.0,3580828.0,311589.0,147817.0
"Tuscaloosa, AL",28148.0,101041.0,1404282.0,24995.0,141761.0,81724.0,329922.0,75858.0,1722040.0,317599.0,1439261.0,182614.0,916741.0,297331.0,1274413.0
"Twin Falls, ID",1924.0,2132782.0,8459.0,13088.0,74343.0,44247.0,137961.0,10995.0,31307.0,1927041.0,12170.0,39420.0,149916.0,2680856.0,18073.0
"Tyler, TX",7307.0,0.0,127687.0,35776.0,195716.0,88676.0,121266.0,17102.0,230858.0,62250.0,515401.0,68043.0,841387.0,74501.0,346994.0
"Utica-Rome, NY",5737.0,480378.0,3324521.0,24276.0,122309.0,71088.0,290299.0,46966.0,792833.0,65206.0,542973.0,258908.0,986138.0,60423.0,743060.0
"Valdosta, GA",2263.0,821143.0,10555.0,17619.0,88262.0,43142.0,187114.0,85995.0,1344383.0,197848.0,113760.0,35417.0,58107.0,230992.0,1450412.0
"Vallejo-Fairfield, CA",6730.0,841874.0,1008.0,48899.0,75834.0,142482.0,77463.0,278654.0,7507.0,676917.0,15787.0,229604.0,21000.0,134898.0,2624.0
"Victoria, TX",8403.0,394868.0,322925.0,14963.0,57785.0,43375.0,128453.0,69125.0,133148.0,25233.0,275529.0,44186.0,2197281.0,1109637.0,205521.0
"Vineland-Bridgeton, NJ",11589.0,280948.0,145331.0,14605.0,74046.0,36181.0,86940.0,208182.0,53255.0,9071.0,144147.0,71607.0,5720.0,13788.0,287450.0
"Virginia Beach-Norfolk-Newport News, VA-NC",32563.0,1426153.0,112455.0,133483.0,583334.0,348332.0,640376.0,370290.0,980432.0,83215.0,579600.0,710640.0,38114.0,144641.0,2225236.0
"Visalia-Porterville, CA",498982.0,3444793.0,44281.0,38003.0,141621.0,153231.0,260765.0,52783.0,2284584.0,3395275.0,26446.0,36497.0,39136.0,3471070.0,33388.0
"Waco, TX",9278.0,1566764.0,215363.0,36954.0,126469.0,93699.0,253538.0,17503.0,162112.0,1412734.0,27452.0,89310.0,1055468.0,27948.0,183423.0
"Walla Walla, WA",273.0,2873735.0,398.0,4849.0,63374.0,29014.0,135896.0,22050.0,787025.0,1340802.0,1541.0,97793.0,64507.0,817980.0,13790.0
"Warner Robins, GA",4388.0,623867.0,88168.0,21222.0,110503.0,53569.0,140404.0,12118.0,406770.0,72979.0,202837.0,17137.0,70158.0,51201.0,376605.0
"Washington-Arlington-Alexandria, DC-VA-MD-WV",42176.0,1232778.0,5238166.0,298765.0,1412804.0,850602.0,1956328.0,82544.0,412833.0,203659.0,1946165.0,399743.0,3458849.0,168202.0,727761.0
"Waterloo-Cedar Falls, IA",7296.0,3437648.0,45345.0,24332.0,154796.0,79301.0,135292.0,40688.0,2687.0,56003.0,12381.0,27494.0,183909.0,366.0,149303.0
"Watertown-Fort Drum, NY",9268.0,358618.0,1020252.0,19447.0,104800.0,62068.0,116245.0,72034.0,176239.0,75582.0,83371.0,213906.0,1020732.0,95254.0,446032.0
"Wausau, WI",6132.0,1933038.0,1062620.0,17030.0,86795.0,42679.0,179407.0,68140.0,37665.0,9312.0,265122.0,84967.0,45809.0,9795.0,687709.0
"Weirton-Steubenville, WV-OH",6279.0,6145.0,949353.0,20290.0,57728.0,39472.0,113047.0,1397.0,3879.0,13309.0,132473.0,36183.0,303028.0,17734.0,1857.0
"Wenatchee, WA",394384.0,1647207.0,19622.0,23611.0,141621.0,82476.0,211129.0,23381.0,3892278.0,3379312.0,26638.0,308287.0,50399.0,3613478.0,62836.0
"Wheeling, WV-OH",9702.0,2636.0,1416227.0,22651.0,67591.0,48067.0,165605.0,5058.0,6003.0,26518.0,312729.0,44620.0,599804.0,38037.0,4188.0
"Wichita Falls, TX",51130.0,1287036.0,244473.0,32991.0,102905.0,98739.0,142656.0,16818.0,368.0,4521544.0,220.0,156757.0,21253.0,1014473.0,5824.0
"Wichita, KS",8981.0,6762261.0,492399.0,87438.0,424282.0,223337.0,491421.0,19059.0,135.0,5606967.0,12923.0,173923.0,105297.0,3739.0,114578.0
"Williamsport, PA",5926.0,166144.0,1541949.0,13712.0,57884.0,29590.0,163730.0,10799.0,72398.0,14304.0,1029186.0,27351.0,406184.0,19526.0,20712.0
"Wilmington, NC",19091.0,275920.0,1208.0,23831.0,141547.0,79800.0,153208.0,134320.0,718608.0,75251.0,28921.0,125193.0,4793.0,123171.0,1266521.0
"Winchester, VA-WV",4603.0,34027.0,1647747.0,12811.0,67776.0,36245.0,162093.0,792.0,56936.0,25036.0,378414.0,13939.0,616576.0,19083.0,898.0
"Winston-Salem, NC",7038.0,291502.0,2153422.0,49074.0,324414.0,127264.0,643575.0,4211.0,347841.0,117114.0,475535.0,79155.0,1106545.0,106990.0,36955.0
"Worcester, MA-CT",29952.0,44961.0,1832829.0,101135.0,337495.0,296595.0,347027.0,50227.0,437405.0,66256.0,1253599.0,198166.0,271529.0,52538.0,724719.0
"Yakima, WA",104233.0,1657160.0,8093.0,26821.0,211223.0,104022.0,268798.0,88246.0,3773414.0,3621831.0,5845.0,53340.0,75506.0,2269078.0,120144.0
"York-Hanover, PA",5516.0,769578.0,643266.0,39546.0,173571.0,79688.0,285870.0,2865.0,9908.0,7046.0,176414.0,17956.0,370022.0,24673.0,14710.0
"Youngstown-Warren-Boardman, OH-PA",15195.0,720646.0,1809599.0,57322.0,364040.0,139347.0,439246.0,28271.0,14428.0,34521.0,120829.0,106522.0,852683.0,19317.0,298084.0
"Yuba City, CA",31366.0,1869042.0,51807.0,14763.0,69990.0,62000.0,127618.0,45932.0,558235.0,433681.0,25995.0,55545.0,3786.0,235328.0,19142.0
"Yuma, AZ",2934969.0,845412.0,193.0,24132.0,83322.0,80360.0,127785.0,30936.0,26.0,571709.0,206.0,14767.0,17333.0,11085891.0,60599.0
