MSA,carbon dioxide equivalent (Ton),Auto + Scale,Transit Propensity,Density,Sustainable Transit,Warm Weather,Remote + Active,Network Connectivity,Network Sprawl,Cluster,Population,Emissions per capita,carbon dioxide equivalent (MMTCO2e),Emissions per capita (MTCO2e)
"Abilene, TX",1604660.574900176,-0.0207689741994175,-0.1166311416990873,-0.5677201264863997,-0.2157188312540126,1.024830676749677,-0.1968861026237572,1.1381872843840382,1.3058394875175705,Sparse Auto,171354,9.364593618475062,1.4557235876498227,8.521780192812306
"Akron, OH",4038062.128360731,-0.595251402372768,-0.0327038240502067,2.3671342806057174,0.1817701367535332,-0.7144999539687633,-0.5385290870063395,0.4877866523073843,-0.2002011976005921,Dense Active,703286,5.74170697036587,3.663268345092759,5.224953343032942
"Albany, GA",1062810.967735076,-0.2808105918482213,0.0565363546329155,-0.5901215698961544,-0.0447319530600426,1.3458772161865389,-0.471592824670969,0.8288848898227809,1.1036056354387636,Sparse Auto,147431,7.20887037146242,0.9641658922424338,6.560072038030802
"Albany-Lebanon, OR",964003.2642506552,-0.2349827698599334,0.0671616571131512,-1.1314924815395302,0.029690351548192,-0.738240764010401,-0.1383770581210136,-0.9125213980216914,0.8688928912775199,Sparse Active,127216,7.577688846140856,0.8745290513717537,6.8956968499881794
"Albany-Schenectady-Troy, NY",4416599.338593545,0.2537695252631658,-0.1449943492226216,0.2791230217981322,-0.2783145638921288,-1.043975319454093,0.433585970580587,0.4000558784327376,-0.4112226773863388,Sparse Auto,880766,5.014497992194913,4.006671526026114,4.563193172897371
"Albuquerque, NM",7084605.633458377,1.0920083671081755,-0.4366371430482972,-1.0904698357417455,-0.4688961985586953,-0.4951842794358124,-0.0101775850880365,-0.2111856557803348,-0.9587230173477396,Auto Large,915986,7.7344038374586255,6.427046124981133,7.038307492087349
"Allentown-Bethlehem-Easton, PA-NJ",4309470.017808417,-0.1871117548151654,-0.1501301880527527,1.7894963858286144,-0.0521831209687676,-0.7795240968693355,-0.2896245628321272,0.7816258036316049,-0.4245211339133378,Sparse Auto,841265,5.122607047492071,3.9094854409217814,4.661572413217785
"Altoona, PA",631815.4936303205,-0.7410889325331881,0.1399054177272465,0.2206929130052748,0.0859193891062639,-0.7485129785777909,-0.4284972767400123,0.3757832787739543,-1.4563610771554083,Auto Small,122495,5.157888025064864,0.5731733747976517,4.693678102809026
"Amarillo, TX",2835924.0866390765,0.2415329713252872,-0.1481247766007302,-1.16141089357216,-0.2406795139346848,0.3057864992349197,-0.6823863737808677,1.5101169025415484,0.3257664071452171,Sparse Auto,264345,10.728116993470943,2.572707057354856,9.762586464058558
"Ames, IA",895867.1787574748,-0.4682044878850014,-0.0441026152139082,-0.2561900753458957,-0.0872090154129175,-0.5786244474893526,1.4369348308282877,2.1532453054860268,1.4499541175910835,Sparse Active,123736,7.24014982509112,0.8127170343171701,6.588536340832919
"Ann Arbor, MI",1782390.5919604758,-0.8536502416972617,0.0050022934483821,1.1450535613791666,-0.0175513766609671,-0.6139696116672643,2.2728931029167807,0.2120342059240006,0.1919476018043855,Dense Active,368385,4.838390792134522,1.6169575471020756,4.402935620842415
"Anniston-Oxford, AL",834885.4805079389,-0.685374817308247,0.1486837421518153,0.7516379589934781,0.0079390958761965,0.5498365282601901,-1.3459517536172296,-0.2314224927194743,-0.772812322804116,Auto Small,114324,7.302801515936626,0.7573953681995143,6.64554937950233
"Appleton, WI",1403964.3269223426,-0.431743788233021,0.0053944013932744,0.1253514677480878,-0.027072720406838,-1.2193168906111471,-0.4117175364189129,0.7781023048344755,-0.7268954672889493,Auto Small,236834,5.928052251460275,1.2736550139563956,5.39452754882885
"Asheville, NC",2882633.029903809,-0.1223382015586955,-0.1666538977499303,0.8973868717951338,0.1110054181888289,-0.4654454827022819,-0.3091897335269742,-2.695919054135471,0.0936394393614003,Sparse Auto,459344,6.275543013305517,2.615080697941681,5.7107441421080205
"Athens-Clarke County, GA",1244162.534546942,-0.5517708704535258,0.0458114984620902,0.3239835464334669,-0.035141619924772,0.8195898959994967,0.5523910712253826,-0.9288255803677726,0.853783183484135,Auto Small,210810,5.901819337540639,1.1286852663672133,5.370655597161981
"Atlanta-Sandy Springs-Alpharetta, GA",37835772.79788506,5.1549877658610965,-1.169835808076379,0.8679353267717558,-0.1007292677094847,-0.2508493347391365,-0.6060022404217196,-1.659695208498224,0.6881375816092656,Auto Large,5947008,6.362152665320958,34.32403573713224,5.789558925442073
"Atlantic City-Hammonton, NJ",1311634.544169578,-0.8265423989369959,0.0838282131986553,0.9068000233551758,-0.0152101138700697,-0.0016135425857116,0.8008007199105132,1.02753530622142,-1.0134793029591396,Auto Small,264650,4.956110123444466,1.1898948439253316,4.510060212334464
"Auburn-Opelika, AL",1129843.922483407,-0.6747640594095123,0.152673961042491,0.4769349058260704,0.0318601403346813,0.8056147154569228,-0.6475974420399496,-1.3816971716481,-0.1594955947677713,Auto Small,163461,6.912009118281468,1.0249771659182259,6.289928297636136
"Augusta-Richmond County, GA-SC",3970996.1926719686,0.448893969921964,-0.2339273996292843,-0.0229558645051722,-0.3856572910484203,0.8148444850029651,-0.9701093162635168,-0.6263502389149976,0.2850542743046434,Auto Large,605303,6.560344476521624,3.6024271516110713,5.969913473634678
"Austin-Round Rock-Georgetown, TX",10346328.444829453,1.3707465992605872,-0.5610082276002488,0.9198396676798704,-0.5947642421208692,1.3819192565471266,1.5343945306123268,-0.0056897053520765,0.4213128729973149,Auto Large,2173804,4.759549823640702,9.38603128804825,4.331190339513039
"Bakersfield, CA",6430136.48421314,0.7077311244758226,-0.3338338603247601,-1.2105370702061615,0.2896327193495159,0.5567986038805922,-1.048020769499337,0.2417992223987555,-0.4957724887891944,Auto Large,892458,7.204973773794554,5.83332169948718,6.556526134153044
"Baltimore-Columbia-Towson, MD",15517952.728114389,0.7063872439485401,0.5714471824072394,1.736216913056282,0.1452169539580685,0.0240947265115928,2.253020572198696,-0.3966376351004906,0.4659187271079803,Auto Large,2800427,5.541280928984897,14.077649922792126,5.042565645376257
"Bangor, ME",964842.9606018522,-0.0485816789628514,-0.0106739028204813,-1.177064340038663,-0.0317853998050124,-1.1890548608045997,0.1272010807776206,-1.6432332960902318,1.9842303298488848,Sparse Active,151696,6.3603718001915155,0.8752908110884321,5.787938338174279
"Barnstable Town, MA",1538387.6785518196,-0.6504046795442933,-0.0284951865344049,0.7440421406146667,-0.0715280757266281,-0.5012296228877074,1.0590342768072387,-0.0889834902505919,-1.7481159912357147,Sparse Active,213505,7.20539415260448,1.3956018273565747,6.5569086788700774
"Battle Creek, MI",841694.4197542989,-0.5465484662041801,0.0869596889121957,0.0914167065176837,0.0076776765480208,-0.8592844098329612,-0.5567130365693393,1.1280726179148592,-0.0643368833604258,Auto Small,133943,6.283974673960557,0.763572333984579,5.718416953304107
"Bay City, MI",660458.3765044638,-0.6577256883163916,0.103652635432537,0.3508914431102423,0.0358542920161822,-0.9191187897918988,-0.7186043333804588,1.498025406334582,-0.1912760032380283,Auto Small,103506,6.380870447166965,0.5991577610724722,5.806592106921938
"Beaumont-Port Arthur, TX",3135966.638485827,0.0760846500040446,-0.0698691462450216,-0.2025062030173191,-0.2034354766495987,1.368472335644549,-1.3738370920484142,0.0152252465710012,-0.6575759476430405,Sparse Auto,394268,7.953895924817198,2.8449010819691463,7.23804529158365
"Beckley, WV",820800.1604110488,-0.3872698334318195,0.1317486986708984,-0.3403014081280069,0.0060069865132443,-0.460495945049033,-0.92734665909697,-2.0020379309462037,-0.018105960576252,Auto Small,117539,6.983215446881876,0.7446173807388847,6.354726056662507
"Bellingham, WA",1026685.2586261396,-0.4484283591060066,0.0992268196624881,-1.3057721541374616,0.0258048311239474,-1.275209525618339,1.1927356515644318,-0.958754131529574,-1.661434767284307,Sparse Active,224538,4.572434325709411,0.9313932001896448,4.160915236395564
"Bend, OR",894396.4505557624,-0.3406727010161304,-0.0780887009911292,-1.1755138502041589,-0.069401375566314,-1.152183138725779,1.7487023500641266,0.0105122333990094,-1.2520135270702395,Sparse Active,191749,4.664412594359097,0.8113828121347701,4.244615460866778
"Billings, MT",1353509.7486050376,0.1532166794636199,-0.110839966119002,-1.4117383389243945,-0.1300324596144399,-1.2379538841148787,0.0064382090356787,-0.2024954489411118,1.1178431690650783,Sparse Auto,180641,7.492815853571656,1.2278833904054178,6.818462426750208
"Binghamton, NY",1486572.1965305689,-0.3808958671619105,0.0748317699327063,-0.0571714371106205,-0.0225527386712694,-0.9507760047596128,-0.2017009377228099,-0.1092534745381065,0.5485688929902689,Auto Small,240473,6.181867388565738,1.3485956127317327,5.625499323594822
"Birmingham-Hoover, AL",9349932.825334746,1.2081273555929213,-0.5508258322882642,0.4360457376853295,-0.465730956158898,0.3475614497475926,-1.418476273695788,-1.1877951892943253,-0.3572025266382853,Auto Large,1088170,8.592345704563392,8.48211638628179,7.819034591152687
"Bismarck, ND",1218157.9597231387,0.140771834496881,-0.1049337089284962,-1.3589048318493788,-0.0619917487168232,-1.2897020094702951,-0.3241363722757794,1.3206537110467025,2.822893554048566,Sparse Active,128589,9.4732672291031,1.1050943128970878,8.620673178483822
"Bloomington, IL",1123140.6168910784,-0.425918862571597,-0.0141031331062372,-0.1465515933175702,-0.0590600706807924,-0.4511123774851956,0.4013220799040343,1.3075422285705616,0.4412496388851002,Sparse Auto,172164,6.523667066814656,1.0188960293722091,5.936537030801337
"Bloomington, IN",923947.296791504,-0.6654579231879479,0.0710147704435864,0.0131527952876096,0.0012693109957405,-0.1864097703881514,1.1816411020337187,-0.6911801620828942,0.3185489150677344,Auto Small,168172,5.494061418021454,0.8381908889164024,4.999595890399523
"Bloomsburg-Berwick, PA",617077.7008696746,-0.584218051292514,0.0687273100756579,0.2981000244377869,0.0151158508171822,-0.6250956243637283,-0.3422128384558636,0.1983447972459691,0.8070902445140996,Auto Small,83568,7.3841386759246905,0.5598034740926994,6.719566195091469
"Boise City, ID",3942092.965938919,0.7887907570534661,-0.4184339240208802,-1.461570875621035,-0.2911007203154899,-0.9737459432016802,0.4105981666291711,-0.3356902580847523,-1.2269765584351768,Auto Large,730483,5.396556752092683,3.5762065853601004,4.910866644404342
"Boston-Cambridge-Newton, MA-NH",21426826.911790576,2.121804044092953,0.6937788201368719,2.461147695674069,-0.3015757471041025,-0.764176147323627,3.277854915697416,0.0540751154889999,0.7904913411606145,Auto Large,4854808,4.413527149125274,19.438090417298337,4.016309705704
"Bowling Green, KY",1294487.1764805464,-0.2467459055688523,0.0605293953514982,-0.4051318888732771,-0.0450577888844417,0.1695375455512742,-0.7438239240221106,-1.0810670900476895,0.8841166248415657,Sparse Auto,176852,7.3196072223132695,1.1743390136136282,6.660842572305076
"Bremerton-Silverdale-Port Orchard, WA",1115215.4234897206,-1.0490823317795828,0.1087671429805714,1.3661598968782984,0.0763848257274128,-0.4000536798455968,2.275526121799374,-1.974274763898992,0.1890276961623083,Auto Large,268945,4.1466300674476955,1.0117064148509194,3.773433361377403
"Bridgeport-Stamford-Norwalk, CT",4288005.683933286,-0.9905143512183264,-0.0896721862702836,4.260505837154111,-0.0039825549219495,-0.3795830457675128,1.974779969912294,-0.3424358180363661,1.5375035598252464,Dense Active,944306,4.540906955937255,3.8900133247596687,4.132225329902902
"Brownsville-Harlingen, TX",1879781.2730300608,-0.3219160995973089,0.0035256899397945,-0.156499203408253,-0.1580937244983627,2.4752740790814283,-0.0370812116530692,1.1111429310189525,-0.2644709073722869,Sparse Auto,422135,4.453033444348516,1.7053088868607007,4.05226043435715
"Brunswick, GA",1289922.8354348957,-0.3217868686840922,0.0593825475717441,-0.525624829983456,-0.0915214301428249,1.5156850301583336,-0.4287188939935631,-0.5200086634752568,0.3548288178396019,Sparse Auto,118149,10.917763463380103,1.170198313065386,9.935164751675893
"Buffalo-Cheektowaga, NY",4532195.980539998,0.0091045424009384,0.0906048335476034,0.07854328990494,0.1437408594936036,-0.9062367329192276,0.1205104732178215,1.1733952488088322,-1.1029453136056038,Sparse Active,1129018,4.014281420260791,4.111539035683121,3.65299609243732
"Burlington, NC",880557.235634109,-0.7975727176677485,0.1617462986991205,1.1765079249817154,0.0775352423577304,0.1956283671545955,-1.2104822490262646,-0.8760500499369474,-0.2633459605285438,Auto Small,166144,5.299964101226099,0.7988280875337376,4.82296733211575
"Burlington-South Burlington, VT",1413251.2262315524,-0.4710696609039386,0.0143804482988759,-0.4371215987403298,-0.0262125829726153,-0.9644247764683672,1.539998944824208,-1.199346828699746,0.2473980552612691,Sparse Active,219764,6.43076767000761,1.2820799472986921,5.851998579706925
"Canton-Massillon, OH",1967615.9368571693,-0.5363783788816828,-0.0083704566711732,1.187155143022353,0.0618135006469254,-0.695506122473273,-0.6024703670532785,0.8589448330794753,-0.7609734437607337,Auto Small,398711,4.934942694977488,1.7849911535945042,4.490797852429514
"Cape Coral-Fort Myers, FL",4298032.77323271,-0.3423555539602724,-0.2701119839276084,2.923578212447121,-0.2923276869286823,2.391921912854593,0.4756608266289859,0.8901402310850977,0.7013491504370187,Dense Active,756570,5.680945283625718,3.899109747166351,5.169660208099404
"Cape Girardeau, MO-IL",791276.5457204792,-0.2841386668374164,0.0704511007769556,-0.4949962021994772,-0.035040890134929,0.1180602797896636,-0.7419857812475393,-0.8775040106830869,1.0562183082349683,Sparse Auto,97026,8.155304204238856,0.7178340079994998,7.421326825857359
"Carbondale-Marion, IL",977287.5390995817,-0.4073858329826555,0.0328564991937552,0.0099403893708536,-0.0947942298227037,-0.0347114289899764,-0.2951876051558975,-0.6444034078069952,-0.4522795136017792,Sparse Auto,136837,7.141983082788878,0.8865803428067717,6.499204605337879
"Casper, WY",701361.9122180195,-0.0757476591079394,-0.0140196221464678,-1.6343740652855483,-0.0133707699363719,-1.2243096079314566,0.0148434243094169,0.6400847524091462,1.044329657226971,Sparse Active,80067,8.759687664306387,0.6362648245149725,7.971315774518812
"Cedar Rapids, IA",1645731.070174681,-0.1052574312990512,-0.0954894602257212,-0.3311525812008896,-0.1299568423521502,-0.9649078689687522,-0.2950488993931752,1.232640291269563,0.2901973244614499,Sparse Auto,271734,6.056404683163244,1.4929821142583404,5.511328261678552
"Chambersburg-Waynesboro, PA",1026387.4801730512,-0.5227746297803616,0.085256541624088,0.0396401940434793,0.0298666076499747,-0.3562598121363842,-0.4049158207675195,-0.2445125895297545,0.3826050048666159,Auto Small,154954,6.623820489777942,0.9311230601208756,6.027676645697928
"Champaign-Urbana, IL",1388395.1050963623,-0.46671090839491,-0.0417967813954454,-0.0158048043543013,-0.1396186448451003,-0.2874231285358702,1.6812666071144442,1.8861998963864104,0.9003884792612985,Sparse Active,226418,6.131999686846286,1.2595308534903469,5.58011971503012
"Charleston, WV",1823620.4576208116,-0.0350830844111779,0.0105156747574545,-0.4040341551228812,-0.1415217427585189,-0.1010422777322887,-0.5692312258934042,-2.064598818810728,0.8699175054277559,Sparse Auto,260920,6.9891938434033865,1.6543606520927483,6.360166397497082
"Charleston-North Charleston, SC",4918273.925664094,0.2800791426595547,-0.2087456036110677,0.1947883301234092,-0.2774221000190932,1.0782928564152352,-0.013208847801834,-0.9471926305680748,-0.3824633817510524,Sparse Auto,790955,6.218146323955338,4.46178305624397,5.6585131547993575
"Charlotte-Concord-Gastonia, NC-SC",14931532.474382542,2.533169422358821,-0.9000956029094351,1.0108492261338395,-0.980399850307376,-0.0403622787738983,-0.4932708321210584,-1.363911574615643,0.2166090916518369,Auto Large,2595027,5.753902550679643,13.545658416933545,5.236051321118476
"Chattanooga, TN-GA",4139761.056227048,-0.0592974212066677,-0.1081103066889938,0.4912826680393412,0.0950867853350456,0.20632805579618,-0.7023259734223812,-1.2374611050375015,-0.1864021194276987,Sparse Auto,561055,7.378529834378177,3.75552806060481,6.714462149284141
"Cheyenne, WY",1136385.8255215972,-0.1637065056904258,-0.0005148669510758,-1.3115286019964314,-0.0185489161381223,-1.0257443407867817,-0.1914818297090927,1.1989999443810138,0.4255203970958489,Sparse Active,99272,11.447193826271226,1.0309118805300084,10.416946381906817
"Chicago-Naperville-Elgin, IL-IN-WI",40980549.65569579,5.628515104774932,1.6183267520017914,0.4278154421872882,-1.2762166590138453,-1.2590400933635952,1.7944185458202062,1.419278245101277,-0.1625097185898153,Auto Large,9478801,4.323389599137674,37.1769293156357,3.9342845352152835
"Chico, CA",1182906.411493933,-0.3979548671363783,0.0282013898669515,-0.3726757372589378,-0.0488691490269413,0.7400479261441518,0.7171494962387049,-1.326626916408136,0.3706263416097192,Sparse Auto,223344,5.296342912699393,1.0731146462553605,4.819672050556448
"Cincinnati, OH-KY-IN",12649734.999333076,1.5256028192954931,-0.4194286388619579,0.5289676063422682,-0.4877550798745738,-0.5668016905676864,-0.4366535061995318,-1.1781609459997828,0.0005362670474584,Auto Large,2214265,5.712836990754528,11.475646566062245,5.198681661586621
"Clarksville, TN-KY",1969252.758960624,-0.0723509327185144,-0.0072119019404597,-0.2973743807727492,-0.1230805731789261,0.1964501138576184,-0.8970024845752244,-0.9320014174379606,0.5356777594170681,Sparse Auto,304584,6.465384783707036,1.7864760536300983,5.8835001531734035
"Cleveland, TN",877035.4880833309,-0.5053172946614384,0.159240227833033,-0.0849839665049898,0.0374115112216883,0.309669568805829,-1.0979910274884257,-1.0491047264751687,0.109819289617942,Auto Small,123731,7.08824375527015,0.7956332118948601,6.450301817295837
"Cleveland-Elyria, OH",11820272.805666126,0.7223870036905395,0.0672878983648379,-0.0201408506431391,0.1834038741169414,-0.7873255205270094,0.268450644335967,0.6775970909531037,-1.1854881375833584,Auto Large,2053137,5.757176849701762,10.723171120929646,5.239030933228603
"Coeur d'Alene, ID",1176300.7593652534,-0.3686626051371901,0.0027707336414939,-0.3215532594677242,-0.0205761929465292,-1.1931719079518333,-0.070998545725874,-0.366248571320376,-0.040716234492465,Sparse Auto,161676,7.27566713281658,1.0671220994414485,6.620857090863089
"College Station-Bryan, TX",1649311.056294602,-0.234609004581075,0.0046716747179088,-0.475123532812667,-0.1188242645613883,1.5157976314302997,0.1877569536019652,-0.2835616073742849,0.3662452098092757,Sparse Auto,261701,6.302272655796509,1.496229823038468,5.735068116774824
"Colorado Springs, CO",3285440.094249908,0.0945994647513818,-0.2274165043594521,-0.0126283567008771,-0.2028840402146683,-1.374789507913916,0.7323625675157319,-0.2420542813131147,-1.5181471377285576,Sparse Auto,735480,4.467069253072698,2.9805011201870983,4.0650330202961555
"Columbia, MO",1582240.0760984065,-0.2835339535551158,-0.0119148978069571,-0.2460944477854562,-0.0516420531768186,-0.1336282007581613,0.0112251037130409,-0.7850875089855792,0.5664723658685599,Sparse Auto,207248,7.634525187690142,1.4353840532566127,6.9474179207980296
"Columbia, SC",5665376.396077969,0.6785410688590183,-0.3766146372058897,0.3323084031106741,-0.4413415131199786,0.6109935960809482,-0.4662868017098392,-0.7860213885314858,0.4170236316522404,Auto Large,832925,6.801784549722927,5.139543017188101,6.189623940247864
"Columbus, GA-AL",2120896.148123374,-0.0386387151782948,-0.0544718210984579,-0.4574326163774907,-0.1978025702913713,0.9563385038938316,-0.2163790612404682,-0.5350379228127573,0.2814202484412228,Sparse Auto,319643,6.635202861077434,1.9240446223157903,6.038034603580465
"Columbus, IN",740583.3571596034,-0.7151548755676741,0.1065559845660553,0.2531167602587261,0.0450393141217727,-0.3298933931910243,-0.443854567501395,0.9076139526365864,-0.6024847564062219,Auto Small,83280,8.892691608544709,0.6718459208765656,8.092349363775686
"Columbus, OH",11589732.138499469,1.4207872159960169,-0.5257273385019084,0.3501162134160545,-0.0766773492573785,-0.8117715230751947,-0.2451171608848409,0.1538303957099431,-0.5412905640468121,Auto Large,2101543,5.514867951071888,10.514028145551249,5.018529835475418
"Corpus Christi, TX",2921837.5507683493,-0.2008656903325015,-0.0313489897083392,-0.3076623240364542,0.0448593812130535,2.087964047267324,-0.3997768947359122,1.4604306348555434,-0.3431732390264084,Sparse Auto,429120,6.808905552685378,2.6506464410388286,6.196104052943694
"Corvallis, OR",329860.6056229733,-0.8399270402791811,0.0470582170061929,-0.5468241717686568,0.0409522474341235,-0.1436593319551533,3.190973150744421,-1.0946140178895505,0.2767213542563586,Sparse Active,92168,3.5789059719530996,0.29924450799926317,3.2568044344773206
"Crestview-Fort Walton Beach-Destin, FL",2362767.1846808456,-0.2315424186253337,-0.0188630296482288,-0.511779769420442,-0.1421717112988307,1.4744677549749652,0.2724533145452583,-0.5443618430820948,-0.7894598400843944,Sparse Auto,278479,8.484543483281847,2.1434663359127155,7.720934569786481
"Cumberland, MD-WV",520754.66862978495,-0.5726975997561218,0.1581149647343434,-0.2047090028607587,0.0473569634221887,-0.3454670760228166,-0.540136217608366,-1.436485445568313,-0.3494526287533975,Auto Small,98049,5.31116756550077,0.47242068906086515,4.833162484605701
"Dallas-Fort Worth-Arlington, TX",38204710.00118769,6.538154954645557,-2.008315315234772,1.114954240925413,0.9695157476845544,-0.2538046932106218,-1.847710632177856,0.3215844849220185,0.1609923128061888,Auto Large,7451858,5.126870372622196,34.658729938267335,4.665452039086198
"Dalton, GA",1061740.1437742747,-0.5268271815604891,0.1957963417272817,0.0655120767324384,0.0647727344739446,0.3855171726849072,-1.529383214374196,-1.2456541654094733,0.184896115710998,Auto Small,143911,7.3777553055310205,0.9631944570851538,6.713757328033229
"Danville, IL",482972.0362540467,-0.4531578364418506,0.0742233841027206,-0.3073810877329149,-0.0114630330215651,-0.5032541978080142,-0.4823828696955949,0.9170244877807024,0.3617387574652271,Auto Small,76704,6.296569100099691,0.4381448615038221,5.729877881090719
"Daphne-Fairhope-Foley, AL",2315857.783419413,-0.2699495054349103,0.0141065835964368,-0.5014348725886487,-0.1200258052678768,1.415697607025494,-0.1830121521041927,-0.9329023230822954,-0.6863586967375805,Sparse Auto,218289,10.60913643573159,2.1009108428901206,9.654314156515747
"Davenport-Moline-Rock Island, IA-IL",2329666.8033855543,-0.1066811884387523,-0.0816685002293036,-0.2128855515902823,0.2134294355988861,-0.7732097569387925,-0.7741804206532461,0.6875727103010696,-0.4349586378100158,Sparse Active,380274,6.126284740438616,2.1134381750882647,5.574919113799141
"Dayton-Kettering, OH",4377318.066970199,-0.2962243264682861,-0.0451121885302347,2.01472909069227,-0.0783110035991948,-0.4982395502118538,-0.2938860707247855,0.4749190857208548,-0.3164214478554931,Sparse Auto,805929,5.431394163716902,3.971036155811736,4.942568688982381
"Decatur, AL",1294009.2443272197,-0.2916593645521784,0.1084782917479819,-0.2382376425040208,-0.0240566628229162,0.4146976185987207,-1.536486311482594,-0.5104002337826503,0.305836626515123,Auto Small,152321,8.495278026846066,1.1739054408570113,7.73070300442992
"Decatur, IL",651943.806584426,-0.6096064186734935,0.1184939926731792,0.2075316157724292,0.0136214324774173,-0.4612536246043434,-0.7626147156699422,0.9839551678260277,-0.3122042032885112,Auto Small,104688,6.227493185316617,0.5914334731668733,5.6670187986381215
"Deltona-Daytona Beach-Ormond Beach, FL",4425488.9855692815,-0.1145917258534844,-0.1180993898396628,0.4218824469075574,-0.2160382896247996,2.02214082742143,0.6317508959456029,0.4862773187808348,-0.5844236228420598,Sparse Auto,658961,6.715858731501988,4.014736078113252,6.111431445666809
"Des Moines-West Des Moines, IA",4088529.770387808,0.4463677559880166,-0.2714677808905824,-0.213281687833927,-0.3158204158388718,-0.8502583869212242,-0.2033383372605714,1.0969430768151165,-0.0908231267180432,Auto Large,690585,5.920386006628884,3.709051819841899,5.387551266032284
"Detroit-Warren-Dearborn, MI",18917099.16528697,2.871866353920094,-0.6875183136648775,2.277002283177721,-0.633288657490833,-1.4068361519427994,-0.4494001630585066,1.253975176168452,-0.405841165664376,Auto Large,4317384,4.381611449268115,17.161303702206382,3.9872664188339844
"Dothan, AL",1124120.9934758712,-0.1806883704017295,0.0281584186514225,-0.3028154497963954,-0.1270308422227672,1.2463476668428333,-1.290599245768892,0.473791326824108,0.6245791827409031,Sparse Auto,148825,7.553307532174508,1.0197854120501322,6.873509854278803
"Dover, DE",950853.7604724404,-0.7608813328905514,0.2173747169678299,-0.2062262875958299,0.4896097399251347,0.1387651459972566,0.1348896284302153,-0.1585421762437687,-0.7440207051835521,Auto Large,179124,5.308354885288629,0.8626000221955813,4.830602945612652
"Dubuque, IA",557605.750148929,-0.5924068658471993,0.0869084186475189,-0.191599058323097,0.0274875143356005,-0.9430850783290402,-0.0235326883488147,-0.0237305771792584,-0.3268194952130415,Auto Small,97193,5.73709783779623,0.5058514278955633,5.22075903239457
"Duluth, MN-WI",2448351.345890246,0.7055146520573612,-0.3911246347650255,-1.36974759690667,-0.2050653916090383,-1.878707405300717,-0.1450162824583557,-0.7487799249286532,1.2258694845813098,Auto Large,289276,8.463720965065356,2.221106981012692,7.701986078209474
"Durham-Chapel Hill, NC",3743190.363173097,-0.0523676046223803,-0.1092322641975261,0.4517071563348049,-0.195464397994305,0.4070085890799937,1.1105952539419202,-1.467876334005732,0.500696890830858,Sparse Auto,636256,5.883151378019377,3.395765179233348,5.353667753997634
"East Stroudsburg, PA",896245.4490151276,-0.78387601985604,0.0901432167648871,1.3349023623873355,0.0193782805719671,-0.9581482652544414,-0.2631548758995709,-0.9383225420718054,-0.1236376388735577,Auto Small,168824,5.308756154427852,0.8130601953227964,4.830968100529345
"Eau Claire, WI",1432226.6320035772,-0.2308420450662715,-0.0694542534788893,-0.3790742411216137,-0.0960877330769628,-1.30080923035802,0.0475582445505327,0.4464194324481588,0.4869892034480995,Sparse Auto,168307,8.509608227843032,1.2992941458648166,7.743743487337159
"El Centro, CA",1793825.9691457024,-0.1121696855082493,-0.06088112458485,-1.3188611010549327,-0.1860821064312602,2.6439786307999764,0.7258274839385499,2.0807220867879086,1.3860468750299062,Sparse Auto,180580,9.933691267835322,1.627331546789357,9.039659053730142
"El Paso, TX",4947508.87014586,0.3973251593552791,-0.2373344094102472,-0.9674483130459618,0.2306033833683662,0.8541001684768117,-0.4821152209245198,0.9854686886081584,-0.8884090138222938,Auto Large,841602,5.878680029450809,4.4883045517748155,5.349598826800237
"Elizabethtown-Fort Knox, KY",1136909.2733702308,-0.3669489078112584,0.1158778991983287,-0.2624018348518843,0.0265641854241727,-0.0594012317550566,-0.842920784254227,-1.3769768047344326,0.5667231711265468,Auto Small,152275,7.466158419768385,1.0313867444308729,6.794204161989231
"Elkhart-Goshen, IN",1567675.948993432,-0.7997914959504471,0.0977315931734111,1.2505370966747855,0.0509660270813514,-0.8243971858411784,-0.8134940209574298,0.6430575554970952,-0.625915526069451,Auto Small,205184,7.640342078297684,1.4221716993844797,6.952711291250893
"Elmira, NY",471807.5417279549,-0.6798344686764258,0.1426176826534681,0.0839784208661057,0.0631911461222524,-0.9182089235581504,-0.4169840617368784,0.4892377058987681,-0.1953706477211506,Auto Small,84115,5.609077355144206,0.42801660243144457,5.104260393181227
"Enid, OK",377022.8949831812,-0.3206378269171456,0.041184369591452,-0.55602275441906,-0.0329943781682347,0.4099065687426306,-0.6489886014631085,2.203762029200298,1.4238136027255743,Sparse Auto,61555,6.124975956188469,0.3420294172461872,5.5737281201315065
"Erie, PA",1287874.6274319247,-0.3976908759362319,0.0774731052215227,-0.6965083477889182,0.0232470957726244,-0.8081815834180024,0.0873003694231403,1.6019582892222772,-1.2571677624985245,Sparse Active,272046,4.734032580636821,1.1683402100191864,4.307969648379507
"Eugene-Springfield, OR",2086733.7135559,-0.07852124841577,-0.0696954318933554,-1.0060030514113858,-0.0822395448303612,-0.599100015042394,1.6283036280622554,-1.3918852977365317,0.3429105121356752,Sparse Active,377749,5.524127697375506,1.89305298296894,5.026956204611711
"Evansville, IN-KY",2465691.935845232,-0.2443933606018746,0.0175124404213357,0.2100389314140804,-0.103891768718401,-0.1105743988173106,-1.0161623433826408,0.0103623017499525,-0.2801551433104216,Sparse Auto,315186,7.822974167143313,2.2368380996156447,7.118906492100415
"Fargo, ND-MN",2148169.334955487,0.0711595328643168,-0.1504893571737225,-0.7861795658577949,-0.1581607091354555,-1.548277716680387,-0.0956452976945939,2.042821551462493,1.2359016947977353,Sparse Auto,243966,8.805199638291757,1.9487864412418001,8.012731670845499
"Farmington, NM",872962.6770249198,0.2282961573085065,-0.0788855196909157,-1.2042382018022848,-0.1597927370448705,-0.3718806353803193,-0.9501369356605178,-1.2441516528781174,1.7723829591805746,Sparse Auto,125608,6.949897116624099,0.7919384198506679,6.32440637612793
"Fayetteville, NC",2490478.241985961,-0.2049503373290704,-0.0228907072872065,0.7276570519457611,-0.1295057422630747,0.6024170924151329,-0.5857861953296911,-1.2653045393505988,-0.04660047164633,Sparse Auto,523480,4.757542297673189,2.2593238583263386,4.329363490882602
"Fayetteville-Springdale-Rogers, AR",2843857.973036241,0.1822310528035796,-0.1822786919906249,0.1751895122665291,-0.2639941850578611,-0.028492729054287,-0.7715798386340949,-0.9637151393102228,-0.1030019427618308,Sparse Auto,526101,5.405536148070885,2.5799045580292925,4.9190378947445055
"Flagstaff, AZ",2041044.2565414663,0.4765589532495428,-0.3313485106651366,-1.3834601046147657,-0.2701803221875866,0.3047700355924588,1.7399748077530308,-1.1757847034238895,5.859771929275994,Sparse Active,142254,14.347886572901052,1.8516042047518013,13.056576781339958
"Flint, MI",1956564.389361627,-0.8306765652186188,0.1049576853261044,1.831567465750083,0.3613612503111245,-0.922998404038923,-0.8871254806815198,0.7935949185641297,-0.5670220368244561,Dense Active,406770,4.810001694720916,1.7749653583447556,4.3771015421960335
"Florence, SC",1516722.746670568,-0.3007091911694098,0.0473117301199166,0.3063247333428905,-0.1082964676577477,0.8498803547017021,-1.266307812879044,-0.7682699362829158,0.3179349873850096,Sparse Auto,205095,7.395220491336054,1.3759477317442819,6.729650647115809
"Florence-Muscle Shoals, AL",1073891.7739806394,-0.3401266431885453,0.0741032281577109,-0.1042266148013223,-0.0610119253492825,0.4210349025781149,-1.1930574638501084,-0.307972182728257,-0.3744730735713964,Auto Small,147827,7.264517131380867,0.9742182305837354,6.6107105895565885
"Fond du Lac, WI",843625.7986140754,-0.4584822999278751,0.0756429173444413,-0.2719088330961696,0.0234473562569632,-1.0900367439736969,-0.5556799969843251,0.1990135341054372,0.2683557431582368,Auto Small,102654,8.218148329476449,0.7653244514147962,7.478514979823569
"Fort Collins, CO",1774168.378163498,-0.3272669905590396,-0.1164206880188665,-0.8286761290029474,0.0024457345628487,-1.4003130374277786,1.8819679527615747,-0.1952644755090163,-1.676219036518228,Sparse Active,350523,5.061489198036927,1.6094984802101848,4.605955170213604
"Fort Smith, AR-OK",2045752.313408168,0.0006634334458491,-0.0287828294488811,-0.3671540179131186,-0.1705423539376026,0.3324343580526922,-1.2451061424204213,-0.5415327524442586,0.3103925357318208,Sparse Auto,250260,8.174507765556493,1.855875282099907,7.438802066656409
"Fort Wayne, IN",2961274.4008522346,-0.4552007939226074,0.0111792452332001,1.0594384705897342,-0.0413376446303905,-0.8113168041736687,-0.8497324237201864,0.1210826711672549,-0.4944747921959305,Auto Small,409419,7.232869995902083,2.686422949658599,6.581911696270895
"Fresno, CA",5765649.957900513,0.4913184877007525,-0.2232664808334079,-1.0073778843003796,0.0977170278325951,-0.1222699669792604,-0.3493001264429755,0.885259897289532,-0.9199899025182752,Auto Large,990204,5.822689019535886,5.230509662375244,5.298647007777657
"Gadsden, AL",729378.8498748222,-0.6360501409720131,0.1555438232412932,0.6940689783544253,0.0226000428737958,0.4980029566604562,-1.6187009000404036,-0.0556068704894511,0.0440693696358503,Auto Small,102721,7.100581671467589,0.6616813628400693,6.461529321035506
"Gainesville, FL",2474690.1583650163,-0.1241039585469619,-0.0802081343128749,-0.3565687371166097,-0.2652238717190102,1.9147048033211835,0.8324717351791737,-0.1109044772056458,0.3012032940189828,Sparse Auto,327329,7.560253318114241,2.2450011497795628,6.87983051948396
"Gainesville, GA",1359451.5206871207,-0.8613364244983884,0.1449770792963745,1.545821055583012,0.0775707960778488,0.3548985008234591,-0.8104459956086583,-1.7909109871152031,0.3033912392752323,Auto Small,201434,6.748868218310319,1.2332736753713618,6.14147007866239
"Gettysburg, PA",568206.7520133869,-0.6126889487632913,0.0896626385838748,0.2984102976904452,0.0443676642601117,-0.2698652466944439,-0.3357840365647479,-0.0697151628571329,0.9805737739464188,Auto Small,102627,5.536620499609137,0.5154684950237759,5.038324654644315
"Glens Falls, NY",761494.095362365,-0.2527016785912884,0.0467497462640251,-0.7257299538116633,-0.0246415461379048,-1.126808503832691,-0.3419718924712913,-0.907967430292402,0.5378018688973305,Sparse Active,125491,6.068117198543043,0.690815823492154,5.52198665067417
"Goldsboro, NC",626568.22558919,-0.6216676209948155,0.1836903673418234,0.3481077275058586,0.0473478947134964,0.5700544456480906,-1.3106908477670836,-0.6844065978112609,-0.0211873807959293,Auto Small,123785,5.061745975596317,0.5684131333000566,4.606188837792648
"Grand Forks, ND-MN",1103766.7432171253,0.2695521856767272,-0.2284760054507509,-0.8443761044952266,-0.1732790575402125,-1.5411285898592804,-0.1085605525188416,2.4010374663584075,4.536243578370431,Sparse Active,101627,10.8609596191674,1.0013203468057723,9.883473253442334
"Grand Island, NE",888051.2522876424,-0.1250236042491403,-0.0232695383426848,-0.6881978177868965,-0.0671275176908151,-0.5456278204652739,-1.017299089710017,2.476849106710099,1.589557024112188,Sparse Auto,75592,11.747952855958864,0.8056265450888301,10.690637098922567
"Grand Junction, CO",793715.7571092253,-0.321328432176424,0.0092483874148915,-1.377640464027049,-0.0316633677029518,-0.7247345561601863,1.0071220864602084,-0.6432816561277575,-0.8666771021413967,Sparse Active,152962,5.188973451636519,0.7200468233508601,4.721965840989233
"Grand Rapids-Kentwood, MI",5421474.163434186,0.3952182601470403,-0.2443260938684398,0.6437656968939203,-0.0923488248982543,-1.126164326632549,-0.5382186903502303,-0.0765949182967983,-0.1031729258012021,Sparse Auto,1069696,5.068238231641687,4.918278633496182,4.612096790793935
"Grants Pass, OR",531191.5996855615,-0.4147035779904111,0.1206221125218123,-1.236519658346747,0.0854777205353441,-0.3217121094524262,0.6877133790523229,-2.0627405652454387,0.9740331114554576,Sparse Active,87097,6.0988507030731425,0.48188891365503767,5.54995413979656
"Great Falls, MT",503172.4168879601,-0.1515167151463964,0.0138046704886694,-1.3524612757643453,0.0030782057555534,-1.335898216485904,-0.0253929588328175,0.7606506211851847,1.2873530943995126,Sparse Active,81576,6.168142797979309,0.4564703385724674,5.6130099461611715
"Green Bay, WI",1950288.571230259,-0.0894774239681003,-0.0874084331251418,-0.0784027166908997,-0.1295610666877664,-1.3480812627709786,-0.5878801900013795,0.1601482690189905,0.0886462599632194,Sparse Auto,320827,6.078941520602253,1.769272031900189,5.531836783748051
"Greensboro-High Point, NC",4497497.310163183,0.0104240397883108,-0.1232967893911946,1.104639926582733,0.1208089345158183,0.0946680014359492,-0.8223303870665858,-1.1632282234784084,0.2802495730187975,Sparse Auto,767467,5.860183317540928,4.0800609313925875,5.332766818962245
"Greenville, NC",815554.118844512,-0.6722694896273597,0.1344695101457662,0.3343238194282167,0.02222710521377,0.6815439856169311,-0.2382877483969137,-0.6556781509309819,-0.2792691364299347,Auto Small,179961,4.531838114060891,0.7398582518803258,4.123972683795411
"Greenville-Anderson, SC",5301741.13129727,0.3391934448091283,-0.3615224306303378,1.0452043861444529,0.3979140172665596,0.1922382437620536,-1.257797314147651,-0.9478923837901422,0.1941937658679319,Auto Large,908680,5.834552462139884,4.8096586537765535,5.309442740547294
"Gulfport-Biloxi, MS",3424604.35729152,0.1085040666309564,-0.0944243468505023,-0.3423981106533029,-0.2559314692748253,1.2660209466754762,-0.7513149381378352,-0.6495953930956119,-0.7148968314847176,Sparse Auto,414662,8.258785124490597,3.106748816077665,7.515494463286443
"Hagerstown-Martinsburg, MD-WV",1940412.0104722227,-0.4730203418865059,0.0565664674819709,0.5521660883610569,-0.0130156412901339,-0.2892890444821511,-0.5384267155159629,-1.446465677889854,0.1078390939821101,Auto Small,285990,6.784894613350896,1.7603121666893018,6.174254098149316
"Hanford-Corcoran, CA",1053831.4475695938,-0.4097906046174409,0.1419449386631121,-0.6149912530296543,0.1870217202926576,1.2158368287945354,0.2149475798696333,0.9006087426429558,1.55072142198165,Sparse Active,151090,6.974859008336712,0.9560198085689547,6.347121697586409
"Harrisburg-Carlisle, PA",3768554.442761288,-0.2198088151579124,-0.0529767400304407,0.8062104944924025,-0.1553088132100689,-0.4464084188348285,0.2509098401198562,0.3684409338508777,-0.2473773925981355,Sparse Auto,574691,6.557531687047975,3.4187750851991963,5.9673538352136575
"Hartford-East Hartford-Middletown, CT",6047733.776930021,-0.0497059738691738,-0.1188523191444671,1.9914888501227328,-0.1384740012184809,-0.7568546609936251,0.1609778637287811,-0.1184189252341503,0.2103618075789894,Sparse Auto,1205842,5.015361694923564,5.486411798614332,4.563979142380444
"Hattiesburg, MS",1384653.8260378854,-0.1796887365662756,0.0195068712642185,-0.3431245948574469,-0.1483922312014663,1.1860164135124007,-0.8030240936413636,-0.5609659460438251,0.4861001497547991,Sparse Auto,168646,8.210416055156276,1.2561368222175688,7.471478610192212
"Hickory-Lenoir-Morganton, NC",2223896.173090817,-0.1627316079229409,0.0029272087566617,0.5779161148850384,-0.1014310889069946,0.0007463051987169,-1.3492646639343115,-2.2141852215854247,-0.010286820923518,Sparse Auto,367982,6.043491728103051,2.0174846732642315,5.499577472573777
"Hilton Head Island-Bluffton, SC",1734720.671276191,-0.4014271579126694,0.0157196815433447,-0.266361980059429,-0.1148899125830088,1.3303158402924191,0.2848903506186167,-0.7807749249571594,-0.690113629015515,Sparse Auto,219290,7.910623700470569,1.573712122464017,7.198667567428218
"Hinesville, GA",627557.4141103914,-0.4259760951883874,0.1235940066136075,-0.3924761879984531,-0.0200200882509857,1.532938073841363,-0.4820968561764431,-0.8931205085070525,1.3148422674088989,Sparse Auto,81275,7.721407740515428,0.5693105100322262,7.0264810438690395
"Homosassa Springs, FL",827666.0772998977,-0.6802323490159465,-0.0127026851251061,1.114351564891798,-0.139146621920628,2.0824128896282743,0.0264451406801311,0.4876625286471711,-0.0904360849587452,Dense Active,147938,5.594682078302381,0.75084603577178,5.091160691255167
"Hot Springs, AR",535219.0845068011,-0.6289185959118182,0.1237092013423163,0.5804640264016857,-0.0149347193969149,0.3981653508609474,-0.9554503631380704,-0.9496172734827067,-0.3003893747297266,Auto Small,99043,5.403906227666782,0.4855425864285118,4.9175546671767725
"Houston-The Woodlands-Sugar Land, TX",36623596.91532432,6.044011338841522,-1.4836929329942985,0.5415271812711446,-1.2212098237690905,0.8184041524969006,0.126944637086766,0.296880411158093,0.1485248921695647,Auto Large,6979613,5.247224583271927,33.22436827335494,4.7749743707774535
"Huntington-Ashland, WV-KY-OH",2001441.2361054984,0.0773875324800566,-0.0500193234103392,-0.0551842687199963,-0.1955438291011379,-0.2413530975200746,-1.2778731489295974,-1.7565086481492136,0.1413855725753769,Sparse Auto,359481,5.56758559174337,1.8156769489242548,5.066502888486467
"Huntsville, AL",3416652.289811056,-0.264452314220384,-0.0831376814120645,1.2799630606681218,-0.1423837393739948,0.2844941023321861,-0.7676102323104339,-1.2234054739139888,-0.6737635252197932,Sparse Auto,464607,7.353854526107131,3.099534821801888,6.69200761875749
"Idaho Falls, ID",1106444.1218165394,-0.0056307661687906,-0.0771751639547989,-1.3888978400911614,-0.1115010357494033,-1.506528859011641,0.3843963177701973,-0.1715655445068607,0.6229255910345359,Sparse Auto,148811,7.435230741118193,1.0037492238164003,6.766059974417556
"Indianapolis-Carmel-Anderson, IN",14935961.064730871,0.8901322761073803,-0.7484266879143072,0.9915801351148636,2.3997374131606897,-1.0817560486529592,-1.1727716938509725,-0.5361397745860806,-0.2998187382140797,Auto Large,2050933,7.282520230905091,13.54967596652063,6.627093410123633
"Iowa City, IA",1200853.220424974,-0.5445735142732034,-0.0122416548185774,-0.2373102183512104,-0.0685248941570032,-0.5212206751575226,1.8799396625472788,0.6068905386188137,0.8396419936767004,Sparse Active,172919,6.9445996126797755,1.0893957174629498,6.319585647538596
"Ithaca, NY",364841.80638143216,-0.8953443941694756,-0.013801092224607,0.1501432740035582,-0.0201343057054323,-0.5030977329742782,3.932451866596175,0.2884145990008827,2.119608468204588,Dense Active,102237,3.5685887338383577,0.3309789195408257,3.2474157477929055
"Jackson, MI",847884.9682879817,-1.011724424015214,-0.1926891201901747,4.706572945904443,-0.1414680337062346,-1.1305867882164828,-1.1099574082442902,0.8482584695874411,0.2637087799494826,Dense Active,158174,5.360457270398307,0.769188305151275,4.878016116062459
"Jackson, MS",4910714.85759892,0.8298627128582627,-0.327076923120808,-0.4599431413956862,-0.5056731919504125,0.864104681132036,-1.5453245648052951,-1.1403487836835784,0.4536911687247908,Auto Large,596287,8.235488711977489,4.454925585040872,7.494294727899515
"Jackson, TN",1381944.7039657573,-0.192952331071118,0.0383020899201636,-0.3172976675139471,-0.0714446489953465,0.3888294047962861,-0.8802737064693017,-0.2931768028337006,1.2270891789497091,Sparse Auto,178601,7.737608994158808,1.253679148012876,7.041224184684516
"Jacksonville, FL",10771748.706939032,0.7622052919072464,-0.3548617843604615,0.5029535605352516,-0.1178051285128984,1.5961381941256618,0.4604253518109205,-0.356098600020605,-0.3920343004784442,Auto Large,1533796,7.02293441040336,9.7719660582445,6.390870313467058
"Jacksonville, NC",905440.9654058196,-0.6604180744135943,0.1195804072407298,-0.0416283587567156,0.0070068780867744,0.9324410970386808,0.6372165603794058,-1.59649246234969,-0.3167124498233855,Auto Small,198377,4.564243664365423,0.8214022274758476,4.153461734572535
"Janesville-Beloit, WI",1155441.9031589748,-0.5330665361915725,0.0637057365848901,0.1623905078143899,0.0020134204927292,-0.9985133144080238,-0.755911872701118,1.3482026316388855,-0.5970880201215166,Auto Small,162532,7.109011783273293,1.0481992633813897,6.469200722778697
"Jefferson City, MO",1402506.6591359477,-0.0407610474444161,-0.0028032826246538,-0.5739808811390378,-0.0836671389067485,-0.0102992758707171,-0.9022341278826168,-1.092743261328954,2.1216424861070458,Sparse Auto,151094,9.282345156895362,1.2723326399834796,8.44693409277478
"Johnson City, TN",1143423.3117664773,-0.5755996408980657,0.1339607075865453,0.5387352622104078,0.0529296822462477,-0.2889676234167061,-0.8610970657267201,-1.3919752842689068,-0.4215207604091169,Auto Small,203147,5.628551304062956,1.0372961806646774,5.12198168669729
"Johnstown, PA",624156.5790306281,-0.6721690570181958,0.1122334362621593,0.3429423941817198,0.0564936567516637,-0.966831929951916,-0.4432446590675605,0.139794040651641,-1.0442897288071058,Auto Small,131611,4.74243474352925,0.566225324342021,4.315615616611618
"Jonesboro, AR",1027021.4293686962,-0.2319009581252219,0.0659358008605846,-0.2544756617564653,-0.0627919045228415,0.4329038979328836,-1.2715109645622291,-0.6128013527065982,1.0849862513450883,Sparse Auto,132828,7.731964867111574,0.9316981691575823,7.036088029071533
"Joplin, MO",1557938.9557959014,-0.3433345479329278,0.0010329346132347,0.2459114328128792,-0.1063106714386763,0.0514643430912037,-0.9535671699941872,0.713627196303457,-0.0894915517174236,Sparse Auto,178816,8.712525477562977,1.4133384477347886,7.928398184582309
"Kankakee, IL",625401.620248605,-0.5508827054458022,0.0987689339453551,-0.10897351741204,0.0335623666860385,-0.535575485178095,-0.2582260956810155,1.680356220828102,0.3190379000555559,Auto Small,109924,5.689400133261208,0.5673548067365879,5.1773541212677
"Kansas City, MO-KS",14270009.001753887,2.6460307816136424,-1.0623815837735218,0.1677453766884971,-0.7355710274533813,-0.802162355788288,-1.0379297447581413,0.2352282004095391,-0.6961995226551674,Auto Large,2144129,6.6553873399193275,12.945534416909762,6.0564024793265885
"Kennewick-Richland, WA",1752757.2864151683,-0.1852454177823336,0.0698740256550654,-1.1663123793931651,0.1641558885746907,-0.1284540230948571,0.2921186299626399,2.4813800765853493,3.3710033610969057,Sparse Active,294396,5.953740154129704,1.5900746644930717,5.417903540258031
"Killeen-Temple, TX",2771765.986374757,0.0072443360699701,-0.0929380330978874,-0.4778660369409522,-0.218370518723976,1.2770121254623004,-0.1595531359830961,0.578681267930023,-0.1031259025234259,Sparse Auto,452428,6.12642450594295,2.5145038077988664,5.575046300408085
"Kingston, NY",1025621.8004592474,-0.5568471340385719,0.0378182185522549,-0.0495901606227305,-0.0396415624040877,-0.7065604293946965,0.9985197228547988,-1.588838892569446,-0.1996423192439894,Auto Small,178371,5.749935810525519,0.9304284471682027,5.232441587578223
"Knoxville, TN",6775793.179202596,0.612576798598871,-0.3058138958753588,0.4906636584875072,-0.3635332080474506,-0.1082212540967863,-0.8265703843036997,-1.4242427906762112,-0.0516343904129813,Auto Large,861872,7.861716332822734,6.146896178723409,7.154161862868689
"Kokomo, IN",490375.6784338393,-0.751745079105261,0.1318517741569349,0.4903763105845761,0.0771121543391845,-0.6746853053752544,-0.8418747370769922,1.7355933637487897,-0.3911371578213756,Auto Small,82486,5.944956458475854,0.44486133271538264,5.409910377213027
"La Crosse-Onalaska, WI-MN",872782.1615946156,-0.4712559827979758,0.0447389500147379,-0.4424565388234662,-0.0152774700087571,-1.0656200205133055,0.2319440187950445,0.0284675072787283,-0.374000084834456,Auto Small,136838,6.378214835021088,0.7917746590068241,5.80417549986919
"Lafayette-West Lafayette, IN",1759979.2560850254,-0.3078143342084106,-0.0209438100777681,-0.1832640058337298,-0.015379312403782,-0.5177691688489797,0.1914112126318153,0.4671915681438264,0.762849298423689,Sparse Auto,230353,7.6403574343942795,1.5966263251758028,6.9527252652987945
"Lake Havasu City-Kingman, AZ",2052302.598465885,-0.0490480523609012,-0.0124439708258495,-1.7916720617092363,-0.1445280458364765,1.0254141758633653,0.2530758648667121,0.7185602845541608,-1.079279574684881,Sparse Auto,210998,9.726644795049646,1.861817600751901,8.851246763495178
"Lakeland-Winter Haven, FL",4466335.375445904,-0.0448270338424514,-0.1005470576427169,0.3955409516894412,-0.2393527368799315,2.1261901973778063,-0.2612212187640975,0.4832290372062965,-0.6753611260559961,Sparse Auto,705735,6.32862954996692,4.0517912997244885,5.759052890469897
"Lancaster, PA",2756321.203677268,-0.5425377389940302,0.0316525597481779,1.3730648211362342,0.020585220802815,-0.2798030617242386,0.085413561835524,0.6943727015294593,0.4038281426466267,Auto Small,543050,5.075630611688183,2.5004925366113384,4.618823856636247
"Lansing-East Lansing, MI",2872806.643477347,-0.1499795532774837,-0.0358109332111782,-0.2522366526417876,-0.0756612617779814,-0.8292691115536565,0.5002546369313101,1.30110253734493,-0.1564032996056187,Sparse Auto,547786,5.24439588357013,2.6061663501187766,4.772400254048819
"Laredo, TX",1536797.9644324903,0.1037580930425931,-0.118252901772366,-0.7227759729121895,-0.182404711573301,2.1960011008910456,-0.4023558728564286,1.353707105408033,2.279374756160422,Sparse Auto,274847,5.591467123281281,1.394159662965347,5.088235082185966
"Las Vegas-Henderson-Paradise, NV",11933598.494020447,0.7091853424520409,-0.2124888644741029,-1.381591228316557,1.6177565184064666,1.0317793296580815,0.1153325555236759,-0.21760772194212,-2.519967435986437,Auto Large,2228866,5.354112133264381,10.825978456140895,4.872242041270587
"Lawrence, KS",647801.6958229822,-0.7701689414070757,0.0780011703099683,0.3637521985723134,0.0298759791939779,0.0132617953521305,0.8734042702123724,0.1295905278885085,0.3644608820312356,Auto Small,121304,5.340316030988115,0.5876758134895506,4.859687588199185
"Lawton, OK",708135.1371227265,-0.3103958833781768,-0.0839219239494079,-0.3583227497452164,-0.1532444916811927,0.865388618930365,0.8145032403434236,1.4153598618368588,1.316050497350635,Sparse Auto,127157,5.568982730976089,0.6424093907942635,5.067774285188241
"Lebanon, PA",812428.9345588653,-0.8333996471612818,0.1119105362867066,0.7959358244550486,0.0759870565999171,-0.3837310765101908,-0.2475675154455642,0.9771937889921368,-0.4035203231322042,Auto Small,140410,5.786118756205863,0.7370231323843218,5.265368068147336
"Lewiston, ID-WA",398658.5074488654,-0.3486887435223671,0.0739564689840341,-1.157307048276597,0.0465215084002913,-0.7098796436439481,0.2539214915570205,-0.2302409380112124,0.9245280251333567,Sparse Active,63104,6.317483954247994,0.36165691473206907,5.748910398365674
"Lewiston-Auburn, ME",521931.4489328278,-0.7160525235176058,0.1239602682931108,0.2040549086970617,0.0708100623300092,-1.1823616567236852,-0.0849882596968281,-1.057021445813506,-0.6708535988750902,Auto Small,107958,4.834578715174677,0.47348824619501345,4.3994666308089565
"Lexington-Fayette, KY",3492405.5122426976,-0.388115662263468,-0.001671193395903,0.3737931012505504,0.1346766815111844,-0.1235304591777963,0.1647719602937054,-0.6862326458459957,-0.6623758536317621,Sparse Active,514273,6.7909563835602835,3.1682569892553287,6.179770309039858
"Lima, OH",704726.0254532588,-0.7286887834987523,0.1294645507753923,0.5802417288797148,0.0434534935891421,-0.5899786845507102,-0.9216782512040692,1.4176164035366683,-0.5280144628711424,Auto Small,102808,6.854778085881048,0.6393166967081729,6.237848058151753
"Lincoln, NE",2179853.3202857017,-0.3242988567779776,-0.0686612195557229,0.2037067575433634,-0.040159216117121,-0.6364053828526544,-0.1177038631158981,1.4378033720555112,-0.5712185374832704,Sparse Auto,333193,6.54231427516695,1.9775296692598587,5.953505990401925
"Little Rock-North Little Rock-Conway, AR",5405061.138916632,0.767630883769869,-0.34733364901538,0.0661903261096154,-0.437983109278582,0.2251351550192331,-1.2950141881778494,-0.8210654429007079,-0.1012328273731019,Auto Large,740602,7.298199490301987,4.903388988104124,6.641361536174808
"Logan, UT-ID",732781.5126576234,-0.3838060112142152,0.0212869025320651,-1.0620046974088866,-0.0117603131821416,-1.2031023181122995,0.8722406630297691,0.0238862663339748,-0.2257556361943993,Sparse Active,140072,5.231463195054139,0.6647682065945811,4.760631507499267
"Longview, TX",2358737.2965919776,0.0669527689216792,-0.0672890375594797,-0.3994125190577213,-0.2044104057728441,0.9134168079455306,-1.1520208467049131,-0.021656090957203,0.6760799249381179,Sparse Auto,285554,8.260214518416753,2.1398104829315208,7.516795211759245
"Longview, WA",899096.7907653442,-0.4111087412850323,0.1700421724195224,-0.9308400931591908,0.0899334745821308,-0.7609211205351354,-0.5670708049310917,-1.4629055287593502,0.0010076052369362,Auto Small,108399,8.294327353253665,0.815646889049287,7.547837891460836
"Los Angeles-Long Beach-Anaheim, CA",58835069.749993056,1.241217924885666,0.7053240299094448,0.4784946049296258,17.527701247970757,0.0364451624074886,-0.5753243263221078,0.2336706059189366,1.0382297901088864,Heavyweight Eco-Transit,13211027,4.453481909467981,53.37427749878848,4.052668537615863
"Louisville/Jefferson County, KY-IN",8419211.392254792,0.5843599260308255,-0.2681244834263525,0.6390307107532047,0.0198584961285225,-0.3174544355063506,-0.375646101742471,-0.921077551597426,-0.3188533981838684,Auto Large,1262287,6.669807573281505,7.637780104292672,6.06952489168617
"Lubbock, TX",1922312.4677441209,0.0805274677456009,-0.141843290844362,-0.2627775345367046,-0.2010924526725222,0.5624364033050382,-0.7037613765592912,1.5149536201795897,0.5653826472880467,Sparse Auto,320031,6.006644568007852,1.7438925377116206,5.466046556887146
"Macon-Bibb County, GA",2373989.319985023,-0.2523088007883643,0.0594893672587203,-0.3375017633709514,-0.091613289177257,1.0148782123813929,-0.6852630658362829,-0.4326820458947157,0.3542125268111022,Sparse Auto,229565,10.341251148846831,2.1536468858194175,9.410538545450617
"Madera, CA",1196366.7230699705,-0.2441869367294124,0.0308947419059618,-0.9533956949191807,-0.0173056779870694,0.2248269323803115,0.0900293511971901,-0.0040612859695254,1.2197978425261191,Sparse Active,155925,7.672706256661668,1.085325635523027,6.982162693562118
"Madison, WI",4159692.267359573,0.2725365854293182,-0.2968798716088593,0.0223517104161245,-0.3872489046068348,-0.996692205234377,1.3205823817619042,0.2239452718806717,0.0196551309705547,Auto Large,660212,6.300540231561336,3.773609351209118,5.733491610720816
"Manchester-Nashua, NH",1834966.665539124,-0.5943007580618692,-0.0306518618036626,1.1428204751141309,0.0018193540725352,-0.971374035666336,0.184765237227882,0.2518695905448451,-0.6026276068707144,Auto Small,415305,4.418359195143627,1.66465375878174,4.020706867580701
"Manhattan, KS",779445.2927628758,-0.3068621726357589,-0.0432107793957105,-0.5711443784302668,-0.1003833628964562,-0.0414617673414579,0.6728425563460344,0.0994344966351833,0.7482131191708314,Sparse Auto,131571,5.924142043177264,0.7071008758522814,5.39096925929131
"Mankato, MN",731928.6881193683,-0.3595883053140541,-0.0382948929441722,-0.3985101286728231,-0.059890473951086,-1.0018655698998986,0.5281134038761193,0.401917178158157,1.1917366099219406,Sparse Active,101544,7.207995431727806,0.6639945371869297,6.559275842872304
"Mansfield, OH",779515.6567433624,-0.640998220500506,0.1551331555117516,0.4292202542967366,0.0579304258257123,-0.7314393242724997,-1.248065813671304,0.206019287613742,-0.3085967106393482,Auto Small,121043,6.439989563571313,0.7071647089816782,5.860390502849895
"McAllen-Edinburg-Mission, TX",3457124.6123120547,-0.1475347091103621,-0.1585369414747203,1.098264267118807,-0.2553068026667029,2.4298540650134486,0.0022503684284005,1.3166748306234313,0.4500529031599627,Sparse Auto,861137,4.014604659086829,3.1362506951979423,3.6532902397690146
"Medford, OR",1201304.9306850503,-0.2683631454348301,0.0093636189999738,-1.0911479042443732,0.0230634536236531,-0.5123973466174868,0.7785162089460043,-0.7247175803995097,0.1579863618124539,Sparse Active,218781,5.4909015439414315,1.089805502118136,4.996720404986703
"Memphis, TN-MS-AR",9357912.856978817,1.122280933796561,-0.3596186680931498,0.0569305402252422,-0.5277533772860551,0.2501725972472027,-1.2697809905602022,-0.3913489903143214,-0.6066345593149726,Auto Large,1343150,6.967139081248421,8.48935574922008,6.340096563936063
"Merced, CA",2055540.5574301544,-0.3188949853309226,0.0748088939670941,-0.777673409398493,-0.01489432418579,0.8235323535693131,0.1991534983663427,0.09133785230456,0.2277453686329388,Sparse Auto,273661,7.511265972974426,1.8647550277154956,6.835252035406728
"Miami-Fort Lauderdale-Pompano Beach, FL",32282254.800810643,2.8208083055683213,-0.0058463635902762,0.5766747910767989,0.701208276119155,2.405622115775538,2.3336231408008743,1.7433449001433423,-0.0840262862117487,Auto Large,6129858,5.266395208634628,29.28596895264609,4.792419639857512
"Midland, MI",486894.1098872495,-0.5397032298876361,0.0707627010878926,-0.6258563692435248,-0.0144686057992873,-0.9263528215802608,-0.2732183487923135,1.8264844379802812,-2.082187038819148,Sparse Active,83445,5.83491053852537,0.4417029068560037,5.309768590058087
"Midland, TX",1621616.693198004,-0.2972792957669593,0.0341053172163032,-1.0007618293458744,-0.0635105971207465,1.0829348813801654,-0.2465276356211185,1.882122684270251,-0.5407964113314381,Sparse Auto,176914,9.166129832562737,1.4711059194321465,8.34117814763209
"Minneapolis-St. Paul-Bloomington, MN-WI",19877855.960246436,3.2313170892043064,-0.8079779509680121,0.6226048034656134,-0.4413386595011366,-1.7063411291759698,1.4842671222184878,0.4390673055650548,0.0612090104656022,Auto Large,3605450,5.513280162045358,18.032887606175823,5.017084947461276
"Missoula, MT",782225.9084433387,-0.2971201537823403,-0.0366555044151663,-1.0560054298740331,0.0972406371762115,-1.386075567366769,1.343673569506392,-1.1091840382025404,1.4690857470117271,Sparse Active,119062,6.5699039865224735,0.7096234079675175,5.978612627735451
"Mobile, AL",3514719.860456856,0.1213764728490487,-0.1337548115981257,0.0563725287088207,-0.2943554880702295,1.1573821099234338,-0.7498895650305879,-1.0350373243782582,-1.0180082916211837,Sparse Auto,430313,8.167821702939154,3.1885002254552353,7.43271774967463
"Modesto, CA",2415033.714119581,-0.3910652500579467,0.04897379469358,-0.2378957603094823,0.0997925247205994,0.6158453439630825,-0.0770505477641075,0.5776941266583407,-1.329890109929943,Auto Small,546235,4.421235757722557,2.190881733872059,4.023324539527527
"Monroe, MI",938022.9799578764,-0.5790698552581436,0.099139969790541,0.3558543432291761,0.0410618245960176,-0.5959611754028251,-0.8848773196530547,0.6237398934455977,0.2466947962405367,Auto Small,150000,6.253486533052509,0.8509601339007185,5.690672745077784
"Montgomery, AL",3225592.232855326,0.0505005000662636,-0.0502261514227723,-0.2947994124064808,-0.2022351401015732,1.043036462807665,-0.8491464130172933,-0.9741310463183158,-0.1802615483689071,Sparse Auto,373552,8.634921598212099,2.926208053562769,7.857778654373011
"Morgantown, WV",737243.7446173602,-0.541075854254171,0.0862382345395183,-0.0351572413338098,-0.0109543442603144,-0.4040787451458695,0.4761550366481943,-1.4682378975913328,0.7149129659504232,Auto Small,139806,5.273334081637127,0.6688162753381893,4.798734014289785
"Morristown, TN",1250409.444558145,-0.3204207926743787,0.1684502392129798,-1.5401119820042128,0.0494756259376068,0.220873744429617,-0.5000364027530415,-0.9075575504095016,-0.8475104294030216,Sparse Active,141909,8.811347022092644,1.1343523678062823,8.018325790104306
"Mount Vernon-Anacortes, WA",930342.291002642,-0.4582525514964109,0.1080285769101622,-1.2649021042323627,0.0496527077675714,-1.163584379332728,0.5464245674638925,-1.172921615949227,-1.5523421244841624,Sparse Active,127442,7.300123122696144,0.8439923300820001,6.643112041653492
"Muncie, IN",869623.5741175803,-0.8564607332587277,0.0954973110658781,0.8328139213304936,0.0326047196144442,-0.4448691091748787,0.0127079134694753,1.694155376983204,-0.5247044876423215,Auto Small,114461,7.597553525808618,0.7889092366452997,6.913773708485843
"Muskegon, MI",783430.9162541477,-0.6677758264501207,0.1207823000476463,0.7044805695658884,0.0456196219613985,-1.0600676779039575,-1.3399801678229075,1.1135907066596826,-0.9176381958171146,Auto Small,173679,4.5107981751054975,0.7107165726659809,4.104826339346003
"Myrtle Beach-Conway-North Myrtle Beach, SC-NC",2909424.6177300336,0.0791526653246936,-0.1985531235726762,0.7085061817478595,-0.3139797212244097,0.7578003734066242,-0.5852201108917399,-0.7320365777441515,-0.343580090617572,Sparse Auto,481489,6.0425567722835485,2.639385617598384,5.498726662778029
"Napa, CA",635991.8921486055,-0.696460713314733,0.1332635499771796,-0.7876969460483636,0.0808901426340624,0.642502314578185,1.1855164103026077,-0.6354691546450398,-1.1383050247584037,Sparse Active,138572,4.589613285141338,0.5769621398047757,4.176548089478618
"Naples-Marco Island, FL",2438486.5305303326,-0.3173200371254942,-0.0056486659498542,-0.8014002330685617,-0.1567457149101608,2.6264602034740507,1.2808013290158666,-0.3086451961124183,-0.5886592610189115,Sparse Auto,379345,6.428149917701123,2.2121577710477562,5.849616425108023
"Nashville-Davidson--Murfreesboro--Franklin, TN",15315029.576186566,1.740228841069341,-0.6448096904965877,0.2692015615046903,-0.5867223785452593,-0.0835797155638017,-0.3166910329990667,-0.9992806009437764,0.3436605453136419,Auto Large,1904186,8.042822274812737,13.893561135816128,7.3189682700795915
"New Bern, NC",770733.058804198,-0.3279062305123481,0.1308448888843878,-0.9066397436464498,-0.0092337109987003,0.8342651858402023,-0.4976505950737308,-1.4741225701480145,0.1389591091347259,Auto Small,124416,6.194806606901026,0.6991972701470314,5.637274012279934
"New Haven-Milford, CT",3991735.2137541263,-0.9895768358442066,0.0322457754182628,4.047163547163182,0.1066465737827411,-0.6321253010423147,0.4602901975608828,-0.140277536626225,1.0900441283732347,Dense Active,855733,4.664697065269338,3.6212412750751204,4.244874329395097
"New York-Newark-Jersey City, NY-NJ-PA",60323046.52092111,3.166843112750696,17.74978730084385,-0.1744098985403806,-0.8420102243187282,0.1828634292996309,-1.3129057041644767,-0.0589550050191859,-0.1369111247356418,Heavyweight Transit,19261570,3.1317824310749907,54.72414731998087,2.8499220122782414
"Niles, MI",1095819.119024393,-0.7150836181341785,0.0739758160613514,1.0201301211478453,0.0019392207393622,-0.7447088990031112,-0.6563714171592139,0.5839745207505588,-0.2747565783884194,Auto Small,153797,7.125100743346053,0.9941103834128245,6.483841676444908
"North Port-Sarasota-Bradenton, FL",5125462.318297548,-0.1318452347737329,-0.2028339716229067,1.517167592312575,-0.2801469397358703,2.187901886869557,0.7750148272503387,0.5314061250154446,-0.1883682723633841,Sparse Auto,821613,6.2382926247485715,4.649741204503788,5.6768462885212
"Norwich-New London, CT",1497692.200414064,-0.6609778251552644,0.0699283288677315,0.6559845021702374,0.0290394275297123,-0.5233322414336513,0.2057241209900425,-0.5653006716331009,-0.225246076961845,Auto Small,266868,5.6121086095525285,1.3586835105720398,5.107018834692801
"Ocala, FL",2633180.642922477,-0.1879555425873332,-0.1505634966007475,0.7649897921428873,-0.2942324497041184,1.8894722290023664,-0.3134371200956821,0.9009958238460056,-0.2413194809734545,Sparse Auto,360210,7.310126434364612,2.3887812989258697,6.652215055271797
"Ocean City, NJ",721762.5999752533,-0.7807304501025162,0.1089589014822001,-0.2909046762682964,0.0073209914895607,0.0204398903216428,0.7003832390049306,1.2670365180071852,-2.3653070155495155,Sparse Active,92701,7.785920324217143,0.6547720171493598,7.085187495037601
"Odessa, TX",1095902.357318226,-0.5235014340929395,0.0861146412713638,-0.5396532222938726,-0.0363990875345974,1.0398573126285078,-0.4682192194585574,2.567361427548571,-1.6461833344311063,Auto Small,162067,6.762032722998674,0.9941858959228369,6.1534497779287936
"Ogden-Clearfield, UT",3791651.200380052,0.1835285627865722,-0.1389812454059661,-1.6014747570804673,-0.15027597240989,-1.014260255544799,0.599461353934719,-0.1443220128192598,-2.2675002220902023,Sparse Active,672948,5.634389581929142,3.4397281112719886,5.1272945195555195
"Oklahoma City, OK",10447815.961073114,1.5936146386875802,-0.6767893484455074,0.1789144954464756,-0.708353872131742,0.0455797596322284,-1.259523961547346,0.1428136827296447,-0.2434781339770083,Auto Large,1397040,7.478537451377995,9.478099214162206,6.8054690807539755
"Olympia-Lacey-Tumwater, WA",1404002.571246024,-0.7629760910345404,0.1374115004539068,1.2036991444175396,0.0183232276895741,-0.7450087882892433,0.374901649274032,-1.6030483737178596,-0.4485840803189825,Auto Small,284698,4.931550524577005,1.27368970862326,4.487710977365074
"Omaha-Council Bluffs, NE-IA",5978995.104252654,0.8920133992474699,-0.4710288789094847,-0.035302733558869,-0.501174688979461,-0.8611362609437532,-0.5853529338643053,1.2901928660398825,-0.7816898438098886,Auto Large,940163,6.359530320011162,5.424053123661277,5.787172591210157
"Orlando-Kissimmee-Sanford, FL",16591289.8942189,1.2449882287367997,-0.4176017059618576,0.85119357318072,0.0337537009663436,2.040550029392972,1.0433995449337452,0.3758948090388766,-0.0416623977846635,Auto Large,2560260,6.480314457992118,15.051365021573533,5.897086156772827
"Oshkosh-Neenah, WI",1292577.5030154593,-0.6663579821140388,0.0798912802685733,0.230492460021056,0.0300140439729967,-1.1307899017071863,-0.2006837514543498,0.6473246607514225,-1.2078309127892144,Auto Small,170924,7.562293785632558,1.1726065869862654,6.881687344925628
"Owensboro, KY",654336.0006702984,-0.439394953332436,0.1464748423230606,-0.3165232899918154,0.0467716640477805,-0.0209179022425193,-0.9853828396121254,-0.103890370545732,0.1927344819695104,Auto Small,118951,5.500886925459209,0.5936036351385149,5.00580710216788
"Oxnard-Thousand Oaks-Ventura, CA",3517916.2157200472,-0.2610741323886283,0.0100346273369353,-0.5503591879441292,0.202347874284508,0.1550713410502135,0.6894436939730574,-0.5081379850334922,-1.8555360123858493,Sparse Active,845599,4.16026534529966,3.191399910176053,3.7858414642226905
"Palm Bay-Melbourne-Titusville, FL",4083993.251696732,-0.2832479026923789,-0.0724304268792206,0.4836674028463201,-0.1841848428708452,2.2044940207526578,0.5691791117077303,0.6771303888232959,-0.772196312778535,Sparse Auto,594001,6.875397939896956,3.704936359309179,6.256612125306231
"Panama City, FL",1261625.0745954867,-0.5317379498161078,0.0867738740750879,-0.2876781147639298,-0.0655633707981604,1.6529790946642324,-0.1189919977590588,0.5693870683615233,-1.2727900894421305,Sparse Auto,180076,7.0060700737215775,1.1445270162341767,6.375523767086635
"Parkersburg-Vienna, WV",450048.7248194597,-0.5776795050291054,0.1621288581393805,-0.0352292279209718,0.0495457159079384,-0.2050111754831729,-0.798130617012572,-0.8217919368190391,0.1439121074533598,Auto Small,90151,4.99216564230524,0.40827733575505065,4.542870734497769
"Pensacola-Ferry Pass-Brent, FL",3264585.447828127,-0.1932979306145245,-0.0921685671331811,0.1488341120869592,-0.1868329284204282,1.4610707034563846,0.662762313763127,-0.2613672100995887,-0.4130730753462949,Sparse Auto,496278,6.578138559090121,2.961582103179298,5.986106088772011
"Peoria, IL",2633366.8652454326,0.2624729215450763,-0.1747090936921776,-0.3907939760534464,-0.2736735292809805,-0.646793917795003,-0.7106750650855506,0.564114615318863,0.0111420266286358,Sparse Auto,403747,6.5223193367267935,2.388950236975644,5.935310596421382
"Philadelphia-Camden-Wilmington, PA-NJ-DE-MD",24140134.993105285,3.1188731983779685,0.8113082944682579,2.6437229087231637,-0.5830974677832207,-0.5578119127182672,1.0241414595425964,0.495752766302678,0.91088859735396,Auto Large,6092403,3.9623339088214102,21.899562105649885,3.6057238570274834
"Phoenix-Mesa-Chandler, AZ",26894243.63794427,3.730532876469349,-1.1111966509740991,-1.290302980705312,1.184124728435692,1.4094894063873726,0.5545693548561695,0.8187115054609372,-1.1358105450585363,Auto Large,4860338,5.533410153356468,24.398047442645098,5.035403239554386
"Pine Bluff, AR",779147.1480667039,-0.1387356843317136,0.0628648177420936,-0.5932847725014658,-0.1016497727215237,0.6453194879980699,-1.3596870354769215,-0.5409111032535413,0.8998297948423686,Sparse Auto,89464,8.709057811708664,0.7068304035333756,7.925242608654885
"Pittsburgh, PA",10781943.424685348,2.163192942266556,-0.493959246264215,1.1327203449046683,-0.7473893137809495,-0.9627939624629116,0.4198660837120166,-0.2733057341393892,0.312144423394131,Auto Large,2324447,4.638498285693478,9.781214550620321,4.221033439981065
"Pittsfield, MA",582932.6628103732,-0.582307059813902,0.0598490383443503,-0.2337676505739958,0.0114819153567769,-0.9371784764412094,0.7550008704207857,-0.283848074377757,-0.216882084639483,Auto Small,125927,4.629131662077023,0.5288276165926059,4.212509812490091
"Pocatello, ID",808991.8814424282,-0.2354970390685044,-0.0053256950522365,-1.0829393598092851,-0.0536725230041835,-1.1096331307782177,0.2998524048798545,-0.4784487780008533,0.1448611221662516,Sparse Active,94377,8.571917749477397,0.7339050902439059,7.800445152024431
"Port St. Lucie, FL",3445346.480972792,-0.3581606570405932,-0.0358874334080541,0.175143389538227,-0.1713264182955449,2.43515920461551,0.439348245888264,0.7178882787378956,-0.8203081290829493,Sparse Auto,481334,7.157912137876801,3.125565754172287,6.513700045467889
"Portland-South Portland, ME",3257303.857592823,0.0814513835582836,-0.1970919403786614,-0.0573499461111265,-0.2347295363763437,-1.1600360664096327,0.6162441414843823,-1.3290448149938348,-0.888045479848988,Sparse Auto,536314,6.073501451748086,2.9549763556293573,5.526886321090759
"Portland-Vancouver-Hillsboro, OR-WA",11779001.814536467,1.5162250683483167,-0.2477742987916063,-0.2934892870782607,-0.4064701184756609,-0.937645631093474,1.9825316790664336,-0.5511868607426066,-1.2245257863509758,Auto Large,2472774,4.763476894587401,10.685730707540745,4.334763974074535
"Poughkeepsie-Newburgh-Middletown, NY",3486001.2838277686,-0.2528417612655413,-0.0973707723386339,0.9778369219370856,-0.1768588438094296,-0.6137408446054454,0.8470838737217162,-0.8274642614310883,0.0883893349946279,Sparse Auto,675601,5.159852166926586,3.162447170960959,4.695465471903193
"Prescott Valley-Prescott, AZ",2238996.9614998978,0.0706438189877382,-0.1158505936090339,-1.4161431117931669,-0.2035584005542821,0.6774790946466309,0.6993466491463679,-1.1889301092210731,-0.1382685854052551,Sparse Auto,232396,9.634404040946908,2.0311838780824063,8.767307677261687
"Provo-Orem, UT",3207379.927443811,-0.0547298715734156,-0.1601167350947767,-1.3332062970963192,-0.1599414451571594,-0.6982962887902098,1.742995992756977,0.226306563412319,-2.3516482158193432,Sparse Active,633129,5.065918521255243,2.909686127999368,4.609985854342272
"Pueblo, CO",878510.8448792421,-0.2415163506180994,0.0611911120273835,-1.1506655242862645,-0.0421325617482291,-0.3560167519394449,-0.4546648054855519,0.7650558939612817,-1.00199224050112,Sparse Active,167412,5.247597811860811,0.7969716330672885,4.775314008793338
"Punta Gorda, FL",1194381.557561538,-0.6790363990190728,-0.0727651159637038,0.9027660211527327,-0.175518098772046,2.44708278690364,0.9183696262080054,1.4082930644185585,-0.4286132041305909,Sparse Auto,185926,6.42396199327441,1.0835247236658925,5.845805413879713
"Racine, WI",870958.779033465,-0.9738615417587064,0.0848007736525956,1.6898956416966184,0.0726218185982312,-0.976740566062116,-0.4192191388122702,0.9709625981923888,-1.114179886562543,Auto Small,195859,4.446866261103472,0.790120514170779,4.04664829760416
"Raleigh-Cary, NC",7121796.904584279,0.376600819259285,-0.4220162814430137,2.174786715131962,-0.2472565693786242,0.371162604000437,0.6292749609158429,-1.4084572018905468,0.4084174755631066,Auto Large,1362997,5.225100939022081,6.460785478636048,4.754841854510094
"Rapid City, SD",948558.2897389784,0.0593890741752715,-0.0791645841484424,-1.4367003112069046,-0.0910408263311325,-0.8433452875023953,0.2566475588507856,-0.6245882618723145,1.7825859611568031,Sparse Active,140653,6.7439605962118,0.8605176061733217,6.137004142552739
"Reading, PA",2059294.1487649812,-0.5928567034954842,0.000816451696757,1.315158635241264,-0.0357787323944934,-0.3860309415311899,-0.0967385801925733,0.6234472747376485,0.122083216927922,Auto Small,419062,4.914056031720798,1.8681602284975023,4.471790988865926
"Redding, CA",1128734.042160014,-0.0530963061112605,0.0034370124992834,-1.048013627487053,-0.0786713793125901,0.1332097729311296,-0.0791082546795173,-2.323676545377407,1.0116883033199933,Sparse Auto,179267,6.296384957409975,1.023970299424773,5.729710311243077
"Reno, NV",2388542.298953989,-0.4646308930020616,0.0222026001117806,-1.6742734776629815,1.1210069182366398,-0.6343535818798826,0.7912381107259466,-0.643992296507168,-2.4667558543768435,Auto Large,468268,5.100801888990897,2.166849126272676,4.641729718981716
"Riverside-San Bernardino-Ontario, CA",25933256.02502288,3.3007691652610585,-1.115663556842404,-2.141875859681904,1.424666609373727,0.968025571707768,-0.3747809082883654,0.1346546715093615,-1.5542093451083236,Auto Large,4600396,5.637179065676711,23.526254144142708,5.129832949765807
"Rochester, MN",1484355.0245489627,-0.0867427764380121,-0.1433093969132625,-0.4006899809246905,-0.1863995407041028,-1.1404692412118174,0.8256364018821081,0.0892582626413197,1.2504147059517563,Sparse Auto,219848,6.751733127201351,1.3465842281423772,6.14407714575323
"Rochester, NY",5183825.882171919,0.6350674193583616,-0.1743360065291666,-0.6720659015770369,-0.2994201273434107,-0.9416976115941212,0.2203997769821269,0.3235759538133799,-0.1208736332279843,Auto Large,1071784,4.836633017634075,4.7026877390670325,4.401336046047008
"Rockford, IL",1726195.8320406205,-0.6064594872169448,0.0314885818063131,1.2098362734114223,-0.0193150570748222,-0.9544666834076428,-0.7334009596470832,0.9998293325613712,-1.0324358079087732,Auto Small,336928,5.123337425327134,1.5659785183920687,4.662237057047692
"Rocky Mount, NC",1109034.9774583231,-0.4277961363995043,0.1250839236305715,-0.1495773502365821,-0.0083646869453473,0.5354996449830532,-0.907423564289799,-0.6093717915181455,0.3093323498148351,Auto Small,146356,7.577652965770608,1.0060996085201404,6.895664198851254
"Rome, GA",676897.0787276744,-0.646774354650591,0.1616497040869817,0.0840728948114152,0.0497015959940693,0.5996387338577391,-0.5275811444009401,-0.5550360505357639,0.2717318290843624,Auto Small,97805,6.920884195365006,0.6140707008872788,6.298004617782156
"Sacramento-Roseville-Folsom, CA",11377264.333108488,1.1496158650207469,-0.3814963944872532,-0.0549987783077061,0.6265865348482844,0.1090405505480361,0.7454397524834973,-0.5810548232895242,-0.9234900312317652,Auto Large,2338866,4.864436155431089,10.321280594597626,4.426636901442291
"Saginaw, MI",1092305.9203137374,-0.5091905738875127,0.066504711495872,0.1807317408153255,-0.0084933926029232,-0.8879671436259795,-0.7902863044075263,1.9113870642905684,-0.602708610639502,Auto Small,191166,5.713913145191809,0.9909232631512574,5.199660962124546
"Salem, OR",2403035.2547112685,-0.3547336953991682,0.0588873487705999,-0.598678922807859,0.076784814340788,-0.6828767640702395,0.4718152993586285,-0.6308567286932412,-1.0773760657072575,Sparse Active,428472,5.6083834059431386,2.179996914584201,5.103628899408256
"Salinas, CA",1764535.952272095,-0.2799177791651606,0.0307932227063748,-1.139569865979299,0.0245967362238529,0.4224883675137609,1.394690700785508,-0.3259841774487356,-0.7315135358337228,Sparse Active,432977,4.075357241313268,1.6007600904249952,3.708575089595074
"Salisbury, MD-DE",2632579.23069195,0.0315119706708035,-0.115904019920779,-0.3165036051278873,-0.1864040563740206,0.184816280124032,-0.140283241864548,-0.380311843138412,-0.8612144378731154,Sparse Auto,411137,6.403167875165577,2.3882357069274285,5.826882766400676
"Salt Lake City, UT",6503560.970482057,0.1974778397589824,0.1529887374808975,-1.4867621602251777,0.0408515153921771,-0.5453589120196838,1.7772112092764707,0.1015729372087145,-2.682038702808617,Sparse Active,1215955,5.3485210969830765,5.899931273028539,4.8671541982546
"San Angelo, TX",740247.4515167734,-0.0457908175482031,-0.0875876062639272,-0.9673563015712596,-0.1502231547796333,1.3503318263278403,0.3965481338828985,1.1879920508659347,2.0352939080685246,Sparse Auto,121472,6.093975990489771,0.6715411924030548,5.545518151345691
"San Antonio-New Braunfels, TX",13017482.80976968,1.657837579245969,-0.6045151046389113,-0.3632372996206552,0.8135869349560916,1.2936709052080173,-0.2496356629419943,0.2716325916637724,-0.0611120993055335,Auto Large,2510211,5.185812192588464,11.809261768138512,4.7190890952555025
"San Diego-Chula Vista-Carlsbad, CA",16735878.963690048,0.6129376335131294,0.0621722995653027,-0.0735533936951175,2.2458758038303324,0.7736186592631932,1.3254999235089435,-0.7634213482493217,-0.7823881364609133,Auto Large,3323970,5.034906742145702,15.182534019078556,4.581765135352589
"San Francisco-Oakland-Berkeley, CA",19510514.79226168,0.2905118024697207,2.271218241314141,1.7833072106601626,0.2054386068810767,0.638242426150073,5.36667026996218,-0.386726798036183,0.6264298305332281,Auto Large,4709220,4.143045938024063,17.699641303926818,3.7701718036018974
"San Jose-Sunnyvale-Santa Clara, CA",8225433.412887881,0.114291534638914,0.1169935569034601,0.2833182608634409,0.1648919918548292,0.4091986587762991,2.549901944351989,-0.321269911703916,-1.1066292982267874,Auto Large,1985926,4.14186299634925,7.461987678315557,3.7690953266778178
"San Luis Obispo-Paso Robles, CA",1256076.986407362,-0.27781028063073,-0.0196314549582197,-1.1079139722626383,-0.0523921207046124,0.5676743928129774,1.522080928493052,-0.7924876215294663,-0.1843628644742893,Sparse Active,282517,4.446022669104379,1.139493875289515,4.045880628884985
"Santa Cruz-Watsonville, CA",822006.9928970392,-1.0090437234679304,0.0587599657514951,0.6748644324087427,0.2322244130324838,0.3336313281627227,2.42061796178168,-1.64262144776399,-0.3634966866099371,Auto Large,273170,3.0091408020538095,0.7457122007548295,2.7383181298689667
"Santa Fe, NM",1253895.661879951,-0.393677413693318,0.0133019192634085,-0.7827102394444347,-0.0315308528250458,-0.5648646615424997,0.7750410469992913,-1.3824494663998474,-0.7794336154868164,Sparse Active,150319,8.341564684969637,1.1375150109636005,7.5908238633223695
"Santa Maria-Santa Barbara, CA",2191123.526040852,-0.4102102104096962,0.02922675314188,-1.2209360794540491,0.1894988712666908,0.3934877744615962,1.849756427984857,-0.3516719796699392,-1.1053190207269945,Sparse Active,444895,4.925035179179025,1.9877538279461653,4.4817820130529125
"Santa Rosa-Petaluma, CA",2130223.754374451,-0.4213193005640207,0.0279960519941304,-0.2610058868036767,0.1264560393232707,0.180327925046082,1.0536440780029783,-1.2639481113187847,-0.9747659761176176,Sparse Active,496801,4.287881373778336,1.9325064843745918,3.9019720501382857
"Savannah, GA",3206467.522072216,-0.3547517282748642,-0.0028061604031647,0.1589284459039415,-0.1230071787743569,1.4182598569160865,0.3447757588205038,0.0667190989704401,-0.5163796332800723,Sparse Auto,390211,8.217265843536486,2.908858407768869,7.477711917618203
"Scranton--Wilkes-Barre, PA",3009204.0207562665,-0.1624963372244882,-0.0333370684676436,0.4213697243431861,-0.0803444427429176,-0.969957029541083,-0.3992758794743236,0.2988297547895188,-0.8455342381687788,Sparse Auto,554787,5.424070897040245,2.729903969466,4.935904516306623
"Seattle-Tacoma-Bellevue, WA",17337823.6585042,1.9401271443652053,-0.0558023830494732,0.3186460637195838,0.8818232972965069,-1.2585344230957125,3.2771841264372976,-0.9833326938426068,-0.7690518722791478,Auto Large,3928498,4.413346693444721,15.728609060995844,4.016145491034696
"Sebastian-Vero Beach, FL",1064494.7505377026,-0.7502245318486455,0.0573393623746477,0.170981992848237,-0.0649065551627135,2.314800875098464,0.7656004111126586,0.97373436376465,-1.038861079674213,Dense Active,156964,6.781776398012936,0.9656933943077319,6.171416522191772
"Sebring-Avon Park, FL",566912.8195578998,-0.5373270973362864,0.0538721456430149,-0.3647788558604018,-0.1327896883596316,2.283110649083195,0.1887139479728497,1.3209050525334722,-0.9927531584346858,Sparse Auto,104574,5.421164147473558,0.514294659244583,4.933259374200938
"Sheboygan, WI",655235.7208621983,-0.6470506920033054,0.0778116963446503,0.3412962249552629,0.028343838133902,-1.180064599862535,-0.5432611584326624,0.8415357495041038,-0.5082773079556124,Auto Small,115152,5.690180985672835,0.5944198475675608,5.17806469696228
"Sherman-Denison, TX",1138888.0954613534,-0.4695530112129862,0.0346998227290753,-0.0025882761574041,-0.05550715125865,0.90101926443506,-0.2869736008661362,0.9662337690332592,0.3535356287484202,Sparse Auto,133527,8.529271948455019,1.0331819016366197,7.761637473094067
"Sierra Vista-Douglas, AZ",1164173.6865919095,0.0417849674641449,-0.0845716763115997,-1.3000414741145403,-0.165150240535302,0.9236453529079846,0.3552100900951501,-0.2111958609932443,1.5982703483479468,Sparse Auto,126442,9.207175515982897,1.0561206040713758,8.378529719544437
"Sioux City, IA-NE-SD",1090944.5256361647,-0.0708652893219792,-0.0762874202576747,-0.6121966574195927,-0.1236577238023191,-0.8201431807364011,-0.5965767109465503,1.8985454153380248,1.1200677357599984,Sparse Auto,144152,7.56801518977305,0.9896882266736106,6.886893822693476
"Sioux Falls, SD",1685416.8535651849,0.1070008335796697,-0.1825906476378577,-0.4100697140743831,-0.2110251485673195,-1.086817261970151,-0.5647799149519497,2.1395081681954644,0.9791336128982966,Sparse Auto,264437,6.373604501507674,1.5289844513753421,5.799980096371984
"South Bend-Mishawaka, IN-MI",1937609.6111586248,-0.3636714194003437,0.0747917335128937,-1.3980330030180206,0.0098526715550384,-0.702863395630492,0.5618596640060548,1.0177653557219444,-2.8399512933790976,Sparse Active,322494,6.008203598078181,1.7577698727944873,5.467465274251144
"Spartanburg, SC",2164166.55604773,-0.5896552094674177,0.0485736752290558,1.78316388234401,-0.0154798705433681,0.3460095032321432,-1.3550200128282608,-0.9060068937765028,0.3732225684494198,Auto Small,313791,6.896840750842855,1.9632988761112593,6.276125083266998
"Spokane-Spokane Valley, WA",2717575.0373597457,0.241583075011922,-0.1730749582056588,-0.7637274415687635,-0.2546151373097656,-1.173371297344937,0.5764556913212057,0.719806369642925,-0.5375082740585413,Sparse Auto,558635,4.864670200327129,2.465342605765104,4.426849882297688
"Springfield, IL",1332712.8815950104,-0.4421429814485648,0.0177397630182754,0.0394074105139677,-0.0135537054417716,-0.4457790673278854,-0.1507855909464947,0.6954314161097563,-0.549389657542669,Auto Small,208224,6.400380751474423,1.2090167899982904,5.824346483841725
"Springfield, MA",3251646.219150235,-0.3318543618993542,0.040575754672905,-0.0891603012100196,0.0820150819231456,-0.8026867022445668,0.9065942952294652,0.4774943114115519,-1.3891045430912523,Sparse Active,698537,4.654937704302328,2.9498438323655,4.235993310915118
"Springfield, MO",3324138.651428806,0.3346114356471408,-0.2353454835506847,0.2090579592767673,-0.3654220565479992,-0.289576257995365,-1.0140234125732832,-0.9495242256835988,-0.2217324769944492,Auto Large,466897,7.119640202076274,3.0156078607492525,6.47887258388941
"Springfield, OH",928228.1825490982,-0.7716980171700436,0.1284791728133467,0.6003631318436624,0.0622274881695545,-0.488171221338554,-0.53030874954912,0.6835058585023649,-0.5954804805086286,Auto Small,134409,6.90599723641347,0.8420744431526318,6.284457485136258
"St. Cloud, MN",1569025.639964509,-0.2046500076664341,-0.0806284793962853,-0.2895087706191037,-0.0253008377134084,-1.375605571586738,0.0227019019328706,0.1567932205562646,0.8374349384051905,Sparse Auto,200264,7.8347862819303975,1.4233961184381834,7.129655516556662
"St. George, UT",1222747.8676834195,-0.4308456826425542,0.0308875911773091,-1.2669862070952431,-0.0501783568120394,0.2103863554070547,0.8982880228161536,-0.1007112676577003,-2.1019131827610007,Sparse Active,172127,7.103754016995704,1.1092582073601507,6.464416155466091
"St. Joseph, MO-KS",1125536.1766731625,-0.1775717612113587,-0.0085474110130091,-0.3447837572768359,-0.1001785061996471,-0.3713953186360516,-0.939980166342836,0.8103822043896963,0.9680398118538196,Sparse Auto,124946,9.008180947554644,1.021069244652096,8.197444662274727
"St. Louis, MO-IL",24218662.195408706,3.422106567346446,-0.7841332446359928,0.3435571774187887,-1.5507437583846613,-0.8426079643742858,-1.093096893366656,-0.2287131678399508,-0.8184509398716223,Auto Large,2806349,8.62995379242165,21.970800785314182,7.853257951103703
"State College, PA",918498.8695345878,-0.6189478990530735,0.0431690167438802,-0.4805550140064055,0.124818592297428,-0.4086107874777033,2.2393699906892173,-0.5963886115275927,1.474241755077806,Sparse Active,162264,5.660521554593673,0.833248158847783,5.151074614680243
"Stockton, CA",4021257.64088966,-0.457619965373417,-0.0039350015085835,0.5182015629742085,0.4608023734594273,0.7416646827106883,-0.0862223824166425,0.3284971611925708,-0.7532065575414814,Auto Large,751615,5.350156184868131,3.6480235704826978,4.868642128229999
"Sumter, SC",1132558.543747307,-0.3326802031479857,0.0848909337872047,0.0078980597373085,-0.0704967038081898,0.8742148975860488,-1.1645775972635062,-0.6096375246720428,0.289277480757644,Sparse Auto,140540,8.058620632896734,1.0274398289057807,7.333344775936028
"Syracuse, NY",3271756.0529017923,0.0524365202184681,-0.0927679777362543,-0.2830834159227861,0.0233467362923689,-1.0531635603989236,0.1365554701319616,0.7107390299921188,-0.2645197661536973,Sparse Auto,650211,5.031837438772633,2.9680871666841484,4.578972069283096
"Tallahassee, FL",2565591.3427629946,-0.2024274865252789,-0.024144726542016,-0.5188600114680307,0.054415922305838,1.5965978898233095,0.2454786842593384,-0.7207670355985837,-0.2528924348260333,Sparse Auto,384783,6.667631737272682,2.3274653171824884,6.067544880918141
"Tampa-St. Petersburg-Clearwater, FL",17380634.547514167,1.7957245899730307,-0.6695326277091936,2.513852563893002,-0.3887358944805104,1.9083694219452008,0.8662316246285139,0.8232150916081076,0.6988526113455861,Auto Large,3152928,5.512537726048349,15.767446446244088,5.016409330703997
"Terre Haute, IN",1567305.8448871574,-0.1431145447207139,-0.0667793392082033,-0.1128147751686697,-0.1698581602920643,-0.4255485214777509,-0.7863936794270047,1.2650456214884855,0.0097578164449545,Sparse Auto,186580,8.40018139611511,1.4218359465867745,7.644165070464751
"Texarkana, TX-AR",1578924.6403126388,-0.1103261818545675,0.0465443386292062,-0.5431116990550111,-0.1157045075235165,0.7604707719847414,-1.4052286840791697,-0.2812051535280274,0.6409662621218185,Sparse Auto,149482,10.562640587580034,1.432376340502792,9.612002934697832
"The Villages, FL",1258635.7175374392,-0.9189769670762604,-0.0317956273709777,0.6891932994632795,-0.1118703535957416,2.356151781079164,2.2336456778245664,0.6939706401117711,-0.4078535573050939,Dense Active,129938,9.686432895207247,1.1418151171264306,8.814653934638596
"Toledo, OH",4181960.323414975,0.0401465024854826,-0.0961708303629976,0.1377376400626925,-0.1966140317213258,-0.6400561861172608,-0.5608877057245287,1.2654716175598837,-1.0724415115937531,Sparse Auto,643724,6.496511429455753,3.7938105918689837,5.9118254008047355
"Topeka, KS",1710915.6482747109,0.1733544151823606,-0.1625995160955785,-0.549118720972119,-0.2514404571360079,-0.2129209404925748,-0.6417788108735697,0.850678884478008,1.012496800921205,Sparse Auto,232248,7.366761600852153,1.5521165688436154,6.70375305677546
"Trenton-Princeton, NJ",1754219.9377253607,-1.8162032265734496,-0.0013970924578965,5.637097395480603,0.1439047908409577,-0.0106199607859415,1.967613834571892,0.7613145422385253,1.8978098846487383,Dense Active,368085,4.765801208213757,1.591401559442732,4.336879099474519
"Tucson, AZ",4969881.559369882,0.687578680937405,-0.2705176836665693,-1.2175844990853788,-0.218389111578066,1.6284334861120031,1.1517907194910435,-0.0857572093975487,-1.14227725034447,Auto Large,1038476,4.785745226052294,4.50860071404863,4.355028155707587
"Tulsa, OK",6939684.843444201,1.2538738578015851,-0.5571844412251253,-0.4475454337623073,-0.4878844610123624,0.0905241363511769,-1.1068664527262777,-0.0609964602828533,-0.6549270318403001,Auto Large,996141,6.966568832569085,6.295576195661279,6.339577637637868
"Tuscaloosa, AL",2409470.2528107674,0.1477065850190687,-0.0775826075690766,-0.6092656354115238,-0.2445556313911273,0.8102850008087087,-1.0311673793264824,-1.4334045836462832,0.3916414103309231,Sparse Auto,251878,9.566021061032593,2.1858346466668905,8.70507916553966
"Twin Falls, ID",842156.0351245143,-0.1111093063488415,-0.038038431207419,-0.8375484437620819,-0.1036102169074717,-0.8796435260615354,-0.5962543220717312,0.2438577676904005,0.0885293395446367,Sparse Auto,110272,7.637079540812847,0.7639911044045391,6.949742382139691
"Tyler, TX",1568475.8708378058,-0.4977866138664518,0.0521707584390368,0.397553845540592,-0.0554552495769818,0.9617127769263614,-0.6046153102387114,0.2264613276116777,0.0331262935059537,Auto Small,230184,6.814009100709892,1.4228973762754966,6.2007482816460024
"Utica-Rome, NY",1616217.692709236,-0.068808177942166,-0.0488637332689825,-0.7479033562074483,-0.1212846598089831,-1.2149912734406638,-0.0323438665761049,0.3470352417358566,0.2227552289828976,Sparse Auto,290812,5.557603168745567,1.4662080285733763,5.057418883558467
"Valdosta, GA",1197408.506270221,-0.2542324205466716,0.0488377559495871,-0.4582407675911217,-0.0874541258781923,1.3815501831712251,-0.6451956623128654,0.3055066656090456,1.160048754233967,Sparse Auto,146462,8.175557525298172,1.086270725345475,7.439757348021337
"Victoria, TX",1082724.8650621932,-0.3081013142121586,0.0545747282800974,-0.9324908937997028,-0.070698541701107,2.178145186313873,0.1215894751608902,0.3720199473332885,1.1660901119171632,Sparse Auto,99622,10.868330941581108,0.9822314760266709,9.890181156838809
"Vineland-Bridgeton, NJ",655078.46572273,-0.5966268630704126,0.1762075710564513,-0.4001707532914129,0.0442530617593208,-0.0464511449882012,-0.5577253886443237,0.6797414853980425,-1.044339668770982,Auto Small,150085,4.364716432173302,0.594277188104629,3.971891953277705
"Visalia, CA",2288213.9608266605,0.0921882247254534,-0.057347773598847,-1.2293156912981702,0.0298187614420301,-0.1939163307389896,-0.5675044708039269,0.4904367084045608,-0.3153192889207362,Sparse Auto,463955,4.93197392166624,2.075832788857678,4.488096268716279
"Waco, TX",2196835.9935037307,-0.1823774754713461,-0.0351866103401289,-0.0363933411202177,-0.1822856179127266,1.2144735194989202,-0.6409085707017728,0.614825426172568,0.0792306364479299,Sparse Auto,271326,8.096665979315402,1.9929360912605811,7.367966041177016
"Walla Walla, WA",349670.20387607743,-0.5043026999517211,0.031162680183247,-1.1147679021033852,0.0257741015637308,-0.1135754771055274,1.6936329783671966,0.4686705142220136,1.05354483467911,Sparse Active,60785,5.752573889546392,0.3172154732550802,5.234842239487217
"Warner Robins, GA",1239529.783110762,-0.7241025291689281,0.141337630293314,0.9785340478532536,0.0298757333200003,1.0087096738760104,-1.0805869335297755,-0.6191282652926902,-0.1887635178264535,Auto Small,182819,6.780092786366636,1.1244825049565734,6.169884435593638
"Waterloo-Cedar Falls, IA",1046409.906041572,-0.2599607100501621,-0.0741141652553307,-0.2948122595250482,-0.104906429885159,-0.9432555895259156,-0.0539083553288634,2.139251001188021,0.4827240142492498,Sparse Auto,169107,6.187856836450129,0.9492870993418111,5.630949721169618
"Watertown-Fort Drum, NY",715415.3250400638,-0.2907125889329628,0.018730124428863,-0.8389789179459712,-0.0170839951492948,-0.8959983344961814,0.4711834691914975,-0.2879493919337714,1.4176029819167082,Sparse Active,111454,6.418929110126723,0.6490138661827427,5.841225490215319
"Wausau-Weston, WI",1405857.281220202,-0.0181817409071773,-0.1125316802577187,-0.6426473016428015,-0.1348411260072685,-1.4924568431912049,-0.2812349229474583,0.2440839460165935,1.061329670933725,Sparse Auto,163172,8.61579977704632,1.2753722732103712,7.8403777971121515
"Weirton-Steubenville, WV-OH",483500.57226057205,-0.7114550715726254,0.1216906737093577,0.541188397934872,0.0324247562373177,-0.5515826374709234,-0.3934338405398601,-0.7720520049765643,-0.4238944198783248,Auto Small,117223,4.124622064446158,0.4386243413038845,3.753406078646004
"Wenatchee, WA",726698.4525170767,-0.0034637332902241,-0.066862620487119,-1.255143163848892,0.0818793745650653,-0.9145716044473304,0.4963554533243046,-1.009910515637345,3.095745134658068,Sparse Active,119173,6.097844751051637,0.6592497472579473,5.54903872345699
"Wheeling, WV-OH",934588.1640521652,-0.513162966608055,0.0993036330167816,0.5718179698280367,-0.027299665291628,-0.6131286563345916,-1.1626633398447994,-1.534442391595896,-0.5046778100647847,Auto Small,140199,6.666154281073084,0.8478441213237349,6.066200395776506
"Wichita Falls, TX",1130952.406668729,-0.1340558177768406,-0.0999511474873168,-0.5499026519102529,-0.2036714609606773,1.00559525742191,0.4531424970650127,0.5825133812767559,1.1811454823966123,Sparse Auto,151352,7.4723320912094255,1.0259827658565246,6.799822203000577
"Wichita, KS",3989920.096279487,0.617165088168885,-0.3267105634773728,-0.2495624863531301,-0.3659512730483365,-0.1364788131431741,-1.0176115472499738,0.9464066668652068,-0.0597056017348176,Auto Large,639668,6.237485846219425,3.6195946281994393,5.676112120059677
"Williamsport, PA",609113.809966359,-0.3922113028297734,0.0767616272540313,-0.4953357457907862,0.0431220388502263,-0.7809403323063939,-0.3727508853863171,-0.3174086862326842,0.2895702666210605,Auto Small,114014,5.342447506151517,0.5525787537881282,4.861627230597881
"Wilmington, NC",1486590.7511626596,-0.5034854638367837,0.0415279088098598,-0.0065747266079288,0.0026479856286417,0.919120239281766,0.4531045660268279,-1.0531241195949008,-0.7265508488639252,Auto Small,293339,5.067825114160271,1.3486124452108357,4.6117208538858465
"Winston-Salem, NC",4065830.196632758,0.1198316754427249,-0.1484270860023908,1.1703666636112393,-0.2235513105193936,0.008533865187655,-1.0859292191536614,-1.9359661599583275,0.1974611628942008,Sparse Auto,671156,6.057951052561189,3.6884591129095443,5.512735457830683
"Worcester, MA-CT",4693947.69023688,0.0272019530647797,-0.148580240920339,0.9287973160152132,-0.0497076342481825,-0.8334582043476219,0.3374053569399444,-0.26438502072712,-0.2680310571102904,Sparse Auto,943312,4.976028811503384,4.258277718512097,4.52818621846808
"Yakima, WA",1345778.6654446174,0.0555680837207493,-0.016342741293691,-1.3047956559347609,-0.044245356817622,-1.0324063449629255,-0.6390565993065157,0.1153558906224296,0.8472701129533762,Sparse Auto,250649,5.3691762801551866,1.220869869732732,4.88595041494122
"York-Hanover, PA",2087106.8050887557,-0.5645807076013418,0.0647757562789263,1.4616215107996495,0.1493909838821782,-0.3492267018571718,-0.5636167942678654,0.6373345441307089,0.4416964691958487,Auto Small,447628,4.66259216378054,1.8933914459144536,4.242958869040292
"Youngstown-Warren-Boardman, OH-PA",3089513.109930421,-0.0820611970799816,-0.0591344824163843,0.6247526190575198,-0.1575102197669504,-0.8962520529420439,-0.9662990189605308,0.6421944314599799,-0.3698118266307915,Sparse Auto,538115,5.741362180817151,2.8027591497091877,5.224639584543608
"Yuba City, CA",580087.1447462399,-0.398228063112554,0.0781857583685543,-0.4674463340071604,-0.0176809816764485,0.8610009911289058,-0.2157439794587638,-0.0640055373454176,0.4588560971510413,Auto Small,173839,3.3369217767373254,0.5262462060252651,3.036598816830966
"Yuma, AZ",1288764.3611194757,-0.1354013482683626,0.0155293102112377,-1.5226318985528298,-0.1536161826098277,2.3922113606024618,0.2944413160855207,1.447097952185558,0.081042114875309,Sparse Auto,211931,6.081056386840413,1.1691473628438735,5.533761312024776
